,gene,param value_min,changed param,total QALYs disc_min,total disc cost_min,cost per QALY_min,total LE_min,icers_min,param value_max,strategy,pretty_strategy,total QALYs disc_max,total disc cost_max,cost per QALY_max,total LE_max,formatted_param,icers_max,comparator,pretty_comparator,bc_icer,icer_diff,width_upper,width_lower,order
19,PMS2,43801.042669999995,cost init OC local,23.040307593548135,4470.2361330881595,194.01807527690897,47.36085618160198,0.0,66920.48512,"HSBO: 50, Survey: Never",Hyst-BSO: 50,23.040307593548135,4470.2361330881595,194.01807527690897,47.36085618160198,Cost FY Local OC,0.0,,,194.0180752769104,0.0,-194.0180752769104,194.0180752769104,0
18,MSH2,43801.042669999995,cost init OC local,22.226273877355997,9668.614734953902,435.0083504011994,46.57880990767861,5136.541684582029,66920.48512,"HSBO: 40, Survey: Never",Hyst-BSO: 40,22.226273877355997,9747.600714828186,438.56207156517524,46.57880990767861,Cost FY Local OC,5283.357980453422,"HSBO: 35, Survey: Never",Hyst-BSO: 35,5180.052301261716,146.81629587139287,103.30567919170608,43.51061667968679,0
17,MSH6,43801.042669999995,cost init OC local,22.490112844902853,15262.79605407388,678.6447075356953,46.0624107018831,19950.576304005685,66920.48512,"Hyst+Salp: 40, Oophorectomy: 50",Two-Stage Approach,22.490112844902853,15398.428360566997,684.6754601347805,46.0624107018831,Cost FY Local OC,20144.319506469823,"HSBO: 40, Survey: Never",Hyst-BSO: 40,20007.99422322623,193.74320246413845,136.32528324359373,57.41791922054472,0
16,MLH1,43801.042669999995,cost init OC local,22.46775866491148,15887.468343805915,707.1229747815395,45.972678397218566,33138.58977041419,66920.48512,"Hyst+Salp: 40, Oophorectomy: 50",Two-Stage Approach,22.46775866491148,16047.751537582306,714.2568948207781,45.972678397218566,Cost FY Local OC,33578.759489106385,"HSBO: 40, Survey: Never",Hyst-BSO: 40,33269.03888568479,440.1697186921956,309.7206034215924,130.44911527060322,0
14,MSH6,58997.86886,cost init OC regional,22.490112844902853,15225.235493208584,676.9746153879003,46.0624107018831,19868.52758953308,91608.48623000001,"Hyst+Salp: 40, Oophorectomy: 50",Two-Stage Approach,22.490112844902853,15454.549992640139,687.1708514411812,46.0624107018831,Cost FY Regional OC,20279.8327192811,"HSBO: 40, Survey: Never",Hyst-BSO: 40,20007.99422322623,411.3051297480197,271.83849605487194,139.46663369314774,1
15,PMS2,58997.86886,cost init OC regional,23.040307593548135,4470.2361330881595,194.01807527690897,47.36085618160198,0.0,91608.48623000001,"HSBO: 50, Survey: Never",Hyst-BSO: 50,23.040307593548135,4470.2361330881595,194.01807527690897,47.36085618160198,Cost FY Regional OC,0.0,,,194.0180752769104,0.0,-194.0180752769104,194.0180752769104,1
13,MLH1,58997.86886,cost init OC regional,22.46775866491148,15846.98769897312,705.3212532375024,45.972678397218566,33002.17887732105,91608.48623000001,"Hyst+Salp: 40, Oophorectomy: 50",Two-Stage Approach,22.46775866491148,16106.45894517965,716.8698571759876,45.972678397218566,Cost FY Regional OC,33789.18353541142,"HSBO: 40, Survey: Never",Hyst-BSO: 40,33269.03888568479,787.0046580903727,520.1446497266297,266.86000836374296,1
12,MSH2,58997.86886,cost init OC regional,22.226273877355997,9654.187068437577,434.3592237596428,46.57880990767861,5058.975163591691,91608.48623000001,"HSBO: 40, Survey: Never",Hyst-BSO: 40,22.226273877355997,9765.770400904326,439.3795583907404,46.57880990767861,Cost FY Regional OC,5416.047292601688,"HSBO: 35, Survey: Never",Hyst-BSO: 35,5180.052301261716,357.0721290099973,235.99499133997233,121.07713767002497,1
0,MSH6,92875.06795,cost init OC distant,22.490112844902853,15220.14842602704,676.7484241181354,46.0624107018831,19859.619309024867,133783.40349,"Hyst+Salp: 40, Oophorectomy: 50",Two-Stage Approach,22.490112844902853,15983.987595327972,710.7117561195596,46.0624107018831,Cost FY Distant OC,21227.67151906393,"HSBO: 40, Survey: Never",Hyst-BSO: 40,20007.99422322623,1368.0522100390626,1219.6772958377005,148.37491420136212,2
2,PMS2,92875.06795,cost init OC distant,23.040307593548135,4470.2361330881595,194.01807527690897,47.36085618160198,0.0,133783.40349,"HSBO: 50, Survey: Never",Hyst-BSO: 50,23.040307593548135,4470.2361330881595,194.01807527690897,47.36085618160198,Cost FY Distant OC,0.0,,,194.0180752769104,0.0,-194.0180752769104,194.0180752769104,2
1,MLH1,92875.06795,cost init OC distant,22.46775866491148,15841.201920484882,705.0637385216588,45.972678397218566,32984.83055144357,133783.40349,"Hyst+Salp: 40, Oophorectomy: 50",Two-Stage Approach,22.46775866491148,16705.766262314773,743.543960546658,45.972678397218566,Cost FY Distant OC,35605.29939459888,"HSBO: 40, Survey: Never",Hyst-BSO: 40,33269.03888568479,2620.4688431553077,2336.260508914085,284.2083342412225,2
3,MSH2,92875.06795,cost init OC distant,22.226273877355997,9651.655078578873,434.24530498618236,46.57880990767861,5051.334745100317,133783.40349,"HSBO: 40, Survey: Never",Hyst-BSO: 40,22.226273877355997,10023.857847360998,450.99137636260514,46.57880990767861,Cost FY Distant OC,6238.141410664681,"HSBO: 35, Survey: Never",Hyst-BSO: 35,5180.052301261716,1186.8066655643634,1058.0891094029648,128.71755616139853,2
41,MSH2,5913.50032,cost OC local,22.226273877355997,9657.459266521118,434.50644583121436,46.57880990767861,5120.348680460789,8769.72808,"HSBO: 40, Survey: Never",Hyst-BSO: 40,22.226273877355997,9823.277509499194,441.96690654060075,46.57880990767861,Cost Local OC,5406.773824240169,"HSBO: 35, Survey: Never",Hyst-BSO: 35,5180.052301261716,286.42514377938005,226.72152297845332,59.70362080092673,3
43,PMS2,5913.50032,cost OC local,23.040307593548135,4470.2361330881595,194.01807527690897,47.36085618160198,0.0,8769.72808,"HSBO: 50, Survey: Never",Hyst-BSO: 50,23.040307593548135,4470.2361330881595,194.01807527690897,47.36085618160198,Cost Local OC,0.0,,,194.0180752769104,0.0,-194.0180752769104,194.0180752769104,3
51,MSH6,5913.50032,cost OC local,22.490112844902853,15247.666628193258,677.971992997313,46.0624107018831,19937.915647957383,8769.72808,"Hyst+Salp: 40, Oophorectomy: 50",Two-Stage Approach,22.490112844902853,15513.088170958768,689.7736920192754,46.0624107018831,Cost Local OC,20274.11411847125,"HSBO: 40, Survey: Never",Hyst-BSO: 40,20007.99422322623,336.1984705138675,266.1198952450213,70.07857526884618,3
50,MLH1,5913.50032,cost OC local,22.46775866491148,15870.831486677424,706.382497844048,45.972678397218566,33106.32298403367,8769.72808,"Hyst+Salp: 40, Oophorectomy: 50",Two-Stage Approach,22.46775866491148,16178.5329171095,720.0777415495371,45.972678397218566,Cost Local OC,33886.94440867892,"HSBO: 40, Survey: Never",Hyst-BSO: 40,33269.03888568479,780.621424645251,617.9055229941296,162.71590165112138,3
40,MSH6,5913.50032,cost OC regional,22.490112844902853,15260.555229701358,678.5450715584116,46.0624107018831,19934.190543228062,8769.72808,"Hyst+Salp: 40, Oophorectomy: 50",Two-Stage Approach,22.490112844902853,15464.144349397795,687.5974547589956,46.0624107018831,Cost Regional OC,20288.26001793538,"HSBO: 40, Survey: Never",Hyst-BSO: 40,20007.99422322623,354.06947470731757,280.2657947091502,73.80367999816735,4
48,MSH2,5913.50032,cost OC regional,22.226273877355997,9670.767765718416,435.1052191240629,46.57880990767861,5112.678102716213,8769.72808,"HSBO: 40, Survey: Never",Hyst-BSO: 40,22.226273877355997,9772.739147400904,439.69309481772,46.57880990767861,Cost Regional OC,5435.902460746023,"HSBO: 35, Survey: Never",Hyst-BSO: 35,5180.052301261716,323.22435802981,255.85015948430737,67.37419854550262,4
42,PMS2,5913.50032,cost OC regional,23.040307593548135,4470.2361330881595,194.01807527690897,47.36085618160198,0.0,8769.72808,"HSBO: 50, Survey: Never",Hyst-BSO: 50,23.040307593548135,4470.2361330881595,194.01807527690897,47.36085618160198,Cost Regional OC,0.0,,,194.0180752769104,0.0,-194.0180752769104,194.0180752769104,4
49,MLH1,5913.50032,cost OC regional,22.46775866491148,15887.316917062337,707.1162350463555,45.972678397218566,33127.96056986596,8769.72808,"Hyst+Salp: 40, Oophorectomy: 50",Two-Stage Approach,22.46775866491148,16115.930317237986,717.2914111102093,45.972678397218566,Cost Regional OC,33804.77675539852,"HSBO: 40, Survey: Never",Hyst-BSO: 40,33269.03888568479,676.8161855325598,535.7378697137246,141.0783158188351,4
47,MLH1,5913.50032,cost OC distant,22.46775866491148,15895.805267949045,707.494036455624,45.972678397218566,33150.717595284594,8769.72808,"Hyst+Salp: 40, Oophorectomy: 50",Two-Stage Approach,22.46775866491148,16083.69622800147,715.8567290968736,45.972678397218566,Cost Distant OC,33718.358086107946,"HSBO: 40, Survey: Never",Hyst-BSO: 40,33269.03888568479,567.6404908233526,449.31920042315323,118.32129040019936,5
46,PMS2,5913.50032,cost OC distant,23.040307593548135,4470.2361330881595,194.01807527690897,47.36085618160198,0.0,8769.72808,"HSBO: 50, Survey: Never",Hyst-BSO: 50,23.040307593548135,4470.2361330881595,194.01807527690897,47.36085618160198,Cost Distant OC,0.0,,,194.0180752769104,0.0,-194.0180752769104,194.0180752769104,5
45,MSH2,5913.50032,cost OC distant,22.226273877355997,9675.077238523985,435.2991100492512,46.57880990767861,5126.081583610704,8769.72808,"HSBO: 40, Survey: Never",Hyst-BSO: 40,22.226273877355997,9756.37413930559,438.9568036973273,46.57880990767861,Cost Distant OC,5385.0034103889275,"HSBO: 35, Survey: Never",Hyst-BSO: 35,5180.052301261716,258.9218267782235,204.95110912721157,53.97071765101191,5
44,MSH6,5913.50032,cost OC distant,22.490112844902853,15268.35420876625,678.8918452326335,46.0624107018831,19946.214601154137,8769.72808,"Hyst+Salp: 40, Oophorectomy: 50",Two-Stage Approach,22.490112844902853,15434.528115280387,686.2805990223593,46.0624107018831,Cost Distant OC,20242.59925751823,"HSBO: 40, Survey: Never",Hyst-BSO: 40,20007.99422322623,296.38465636409455,234.60503429200253,61.779622072092025,5
4,MSH6,80951.06985,cost end OC,22.490112844902853,15238.733339240893,677.574783387296,46.0624107018831,19896.059857304575,115848.41759,"Hyst+Salp: 40, Oophorectomy: 50",Two-Stage Approach,22.490112844902853,16005.393830111649,711.6635625836401,46.0624107018831,Cost End of Life OC,21231.528474302406,"HSBO: 40, Survey: Never",Hyst-BSO: 40,20007.99422322623,1335.4686169978304,1223.5342510761766,111.93436592165381,6
6,PMS2,80951.06985,cost end OC,23.040307593548135,4470.2361330881595,194.01807527690897,47.36085618160198,0.0,115848.41759,"HSBO: 50, Survey: Never",Hyst-BSO: 50,23.040307593548135,4470.2361330881595,194.01807527690897,47.36085618160198,Cost End of Life OC,0.0,,,194.0180752769104,0.0,-194.0180752769104,194.0180752769104,6
7,MSH2,80951.06985,cost end OC,22.226273877355997,9659.884361145414,434.6155551959994,46.57880990767861,5081.713165375903,115848.41759,"HSBO: 40, Survey: Never",Hyst-BSO: 40,22.226273877355997,10043.325763684075,451.8672728997621,46.57880990767861,Cost End of Life OC,6254.9795587323215,"HSBO: 35, Survey: Never",Hyst-BSO: 35,5180.052301261716,1173.2663933564181,1074.9272574706056,98.33913588581254,6
5,MLH1,80951.06985,cost end OC,22.46775866491148,15862.265371692007,706.0012352929776,45.972678397218566,33052.489552044455,115848.41759,"Hyst+Salp: 40, Oophorectomy: 50",Two-Stage Approach,22.46775866491148,16729.69138060217,744.6088250328855,45.972678397218566,Cost End of Life OC,35636.10037368611,"HSBO: 40, Survey: Never",Hyst-BSO: 40,33269.03888568479,2583.610821641654,2367.0614880013163,216.54933364033786,6
30,MSH6,21707.3626,cost init EC local,22.490112844902853,15289.240367250686,679.8205270328749,46.0624107018831,20007.994223225964,31330.99441,"Hyst+Salp: 40, Oophorectomy: 50",Two-Stage Approach,22.490112844902853,15408.061074300944,685.1037689565447,46.0624107018831,Cost FY Local EC,20007.994223225956,"HSBO: 40, Survey: Never",Hyst-BSO: 40,20007.99422322623,7.275957614183426e-12,-2.7284841053187847e-10,2.6557245291769505e-10,7
31,PMS2,21707.3626,cost init EC local,23.040307593548135,4466.889560049078,193.87282665010596,47.36085618160198,0.0,31330.99441,"HSBO: 50, Survey: Never",Hyst-BSO: 50,23.040307593548135,4495.805193412426,195.12782870448154,47.36085618160198,Cost FY Local EC,0.0,,,194.0180752769104,0.0,-194.0180752769104,194.0180752769104,7
28,MLH1,21707.3626,cost init EC local,22.46775866491148,15923.595712426402,708.7309397396511,45.972678397218566,33269.03888568447,31330.99441,"Hyst+Salp: 40, Oophorectomy: 50",Two-Stage Approach,22.46775866491148,16021.873979154394,713.1051306945093,45.972678397218566,Cost FY Local EC,33269.03888568447,"HSBO: 40, Survey: Never",Hyst-BSO: 40,33269.03888568479,0.0,-3.2014213502407074e-10,3.2014213502407074e-10,7
29,MSH2,21707.3626,cost init EC local,22.226273877355997,9678.265243535638,435.44254412323244,46.57880990767861,5140.918951713305,31330.99441,"HSBO: 40, Survey: Never",Hyst-BSO: 40,22.226273877355997,9797.138186099492,440.7908514112553,46.57880990767861,Cost FY Local EC,5479.045618779874,"HSBO: 35, Survey: Never",Hyst-BSO: 35,5180.052301261716,338.1266670665682,298.9933175181577,39.13334954841048,7
27,MSH2,38837.44851,cost init EC regional,22.226273877355997,9681.05464380327,435.5680442535298,46.57880990767861,5146.929778897327,57313.50374,"HSBO: 40, Survey: Never",Hyst-BSO: 40,22.226273877355997,9737.998983500187,438.13007241943535,46.57880990767861,Cost FY Regional EC,5318.890264105804,"HSBO: 35, Survey: Never",Hyst-BSO: 35,5180.052301261716,171.9604852084767,138.837962844088,33.122522364388715,8
26,MSH6,38837.44851,cost init EC regional,22.490112844902853,15292.028312965267,679.9444902043274,46.0624107018831,20007.994223225956,57313.50374,"Hyst+Salp: 40, Oophorectomy: 50",Two-Stage Approach,22.490112844902853,15348.948817990735,682.4754025842699,46.0624107018831,Cost FY Regional EC,20007.994223225964,"HSBO: 40, Survey: Never",Hyst-BSO: 40,20007.99422322623,7.275957614183426e-12,-2.6557245291769505e-10,2.7284841053187847e-10,8
25,PMS2,38837.44851,cost init EC regional,23.040307593548135,4467.530298490668,193.90063610703223,47.36085618160198,0.0,57313.50374,"HSBO: 50, Survey: Never",Hyst-BSO: 50,23.040307593548135,4481.578039938935,194.51033896760515,47.36085618160198,Cost FY Regional EC,0.0,,,194.0180752769104,0.0,-194.0180752769104,194.0180752769104,8
24,MLH1,38837.44851,cost init EC regional,22.46775866491148,15925.902985353083,708.833632356262,45.972678397218566,33269.03888568448,57313.50374,"Hyst+Salp: 40, Oophorectomy: 50",Two-Stage Approach,22.46775866491148,15972.975856089904,710.9287621570968,45.972678397218566,Cost FY Regional EC,33269.03888568446,"HSBO: 40, Survey: Never",Hyst-BSO: 40,33269.03888568479,2.1827872842550278e-11,-3.346940502524376e-10,3.128661774098873e-10,8
11,MSH2,61146.864310000004,cost init EC distant,22.226273877355997,9679.769443299623,435.51022077350166,46.57880990767861,5140.380436798389,93713.10526000001,"HSBO: 40, Survey: Never",Hyst-BSO: 40,22.226273877355997,9719.967670255137,437.3188112361823,46.57880990767861,Cost FY Distant EC,5270.524386462458,"HSBO: 35, Survey: Never",Hyst-BSO: 35,5180.052301261716,130.1439496640687,90.47208520074219,39.67186446332653,9
9,MLH1,61146.864310000004,cost init EC distant,22.46775866491148,15924.842152405483,708.7864165674767,45.972678397218566,33269.03888568448,93713.10526000001,"Hyst+Salp: 40, Oophorectomy: 50",Two-Stage Approach,22.46775866491148,15958.066733963538,710.2651836333677,45.972678397218566,Cost FY Distant EC,33269.03888568447,"HSBO: 40, Survey: Never",Hyst-BSO: 40,33269.03888568479,7.275957614183426e-12,-3.2014213502407074e-10,3.128661774098873e-10,9
10,PMS2,61146.864310000004,cost init EC distant,23.040307593548135,4467.160841462499,193.88460085981734,47.36085618160198,0.0,93713.10526000001,"HSBO: 50, Survey: Never",Hyst-BSO: 50,23.040307593548135,4477.249366515559,194.3224650251328,47.36085618160198,Cost FY Distant EC,0.0,,,194.0180752769104,0.0,-194.0180752769104,194.0180752769104,9
8,MSH6,61146.864310000004,cost init EC distant,22.490112844902853,15290.743332958096,679.8873548748593,46.0624107018831,20007.994223225956,93713.10526000001,"Hyst+Salp: 40, Oophorectomy: 50",Two-Stage Approach,22.490112844902853,15330.925775868425,681.6740263418917,46.0624107018831,Cost FY Distant EC,20007.994223225956,"HSBO: 40, Survey: Never",Hyst-BSO: 40,20007.99422322623,0.0,-2.7284841053187847e-10,2.7284841053187847e-10,9
60,MLH1,1354.6197,cost EC local,22.46775866491148,15901.203903795355,707.7343201406513,45.972678397218566,33269.03888568447,2042.4542099999999,"Hyst+Salp: 40, Oophorectomy: 50",Two-Stage Approach,22.46775866491148,16032.220670870467,713.5656435507486,45.972678397218566,Cost Local EC,33269.03888568446,"HSBO: 40, Survey: Never",Hyst-BSO: 40,33269.03888568479,1.4551915228366852e-11,-3.346940502524376e-10,3.2014213502407074e-10,10
69,PMS2,1354.6197,cost EC local,23.040307593548135,4461.2252034049925,193.62698111956837,47.36085618160198,0.0,2042.4542099999999,"HSBO: 50, Survey: Never",Hyst-BSO: 50,23.040307593548135,4496.18873783131,195.14447537542233,47.36085618160198,Cost Local EC,0.0,,,194.0180752769104,0.0,-194.0180752769104,194.0180752769104,10
70,MSH2,1354.6197,cost EC local,22.226273877355997,9651.178631223227,434.22386876352647,46.57880990767861,5067.767955248537,2042.4542099999999,"HSBO: 40, Survey: Never",Hyst-BSO: 40,22.226273877355997,9809.660259709677,441.35424200381624,46.57880990767861,Cost Local EC,5503.4452644029225,"HSBO: 35, Survey: Never",Hyst-BSO: 35,5180.052301261716,435.6773091543855,323.39296314120656,112.28434601317895,10
61,MSH6,1354.6197,cost EC local,22.490112844902853,15262.16524124015,678.6166590844456,46.0624107018831,20007.99422322599,2042.4542099999999,"Hyst+Salp: 40, Oophorectomy: 50",Two-Stage Approach,22.490112844902853,15420.57884407503,685.6603588616471,46.0624107018831,Cost Local EC,20007.994223225982,"HSBO: 40, Survey: Never",Hyst-BSO: 40,20007.99422322623,7.275957614183426e-12,-2.473825588822365e-10,2.4010660126805305e-10,10
64,PMS2,1354.6197,cost EC regional,23.040307593548135,4469.085763734893,193.9681467180737,47.36085618160198,0.0,2042.4542099999999,"HSBO: 50, Survey: Never",Hyst-BSO: 50,23.040307593548135,4473.549340735292,194.16187577235291,47.36085618160198,Cost Regional EC,0.0,,,194.0180752769104,0.0,-194.0180752769104,194.0180752769104,11
66,MSH2,1354.6197,cost EC regional,22.226273877355997,9687.214418009637,435.84518356353544,46.57880990767861,5165.641419450766,2042.4542099999999,"HSBO: 40, Survey: Never",Hyst-BSO: 40,22.226273877355997,9705.872685734586,436.6846525554099,46.57880990767861,Cost Regional EC,5221.557443657148,"HSBO: 35, Survey: Never",Hyst-BSO: 35,5180.052301261716,55.916024206381735,41.5051423954319,14.410881810949832,11
68,MLH1,1354.6197,cost EC regional,22.46775866491148,15930.995001979418,709.0602689648475,45.972678397218566,33269.03888568447,2042.4542099999999,"Hyst+Salp: 40, Oophorectomy: 50",Two-Stage Approach,22.46775866491148,15946.418581272555,709.7467450625825,45.972678397218566,Cost Regional EC,33269.038885684444,"HSBO: 40, Survey: Never",Hyst-BSO: 40,33269.03888568479,2.9103830456733704e-11,-3.4924596548080444e-10,3.2014213502407074e-10,11
63,MSH6,1354.6197,cost EC regional,22.490112844902853,15298.185497342523,680.2182631471187,46.0624107018831,20007.994223225967,2042.4542099999999,"Hyst+Salp: 40, Oophorectomy: 50",Two-Stage Approach,22.490112844902853,15316.836000412814,681.0475388025549,46.0624107018831,Cost Regional EC,20007.994223225975,"HSBO: 40, Survey: Never",Hyst-BSO: 40,20007.99422322623,7.275957614183426e-12,-2.546585164964199e-10,2.6193447411060333e-10,11
71,MSH2,1354.6197,cost EC distant,22.226273877355997,9691.56138248256,436.04076130620655,46.57880990767861,5178.558721823431,2042.4542099999999,"HSBO: 40, Survey: Never",Hyst-BSO: 40,22.226273877355997,9693.352884252921,436.12136418999387,46.57880990767861,Cost Distant EC,5184.353996885918,"HSBO: 35, Survey: Never",Hyst-BSO: 35,5180.052301261716,5.795275062486326,4.301695624201784,1.4935794382845415,12
67,PMS2,1354.6197,cost EC distant,23.040307593548135,4470.1207304869295,194.01306655032138,47.36085618160198,0.0,2042.4542099999999,"HSBO: 50, Survey: Never",Hyst-BSO: 50,23.040307593548135,4470.5685070164245,194.03250103606672,47.36085618160198,Cost Distant EC,0.0,,,194.0180752769104,0.0,-194.0180752769104,194.0180752769104,12
65,MSH6,1354.6197,cost EC distant,22.490112844902853,15302.530641851492,680.4114655796246,46.0624107018831,20007.994223225982,2042.4542099999999,"Hyst+Salp: 40, Oophorectomy: 50",Two-Stage Approach,22.490112844902853,15304.321440655041,680.491091627564,46.0624107018831,Cost Distant EC,20007.994223225964,"HSBO: 40, Survey: Never",Hyst-BSO: 40,20007.99422322623,1.8189894035458565e-11,-2.6557245291769505e-10,2.473825588822365e-10,12
62,MLH1,1354.6197,cost EC distant,22.46775866491148,15934.58840987004,709.2202051624993,45.972678397218566,33269.03888568448,2042.4542099999999,"Hyst+Salp: 40, Oophorectomy: 50",Two-Stage Approach,22.46775866491148,15936.069117016894,709.2861088055345,45.972678397218566,Cost Distant EC,33269.03888568447,"HSBO: 40, Survey: Never",Hyst-BSO: 40,33269.03888568479,7.275957614183426e-12,-3.2014213502407074e-10,3.128661774098873e-10,12
22,MSH2,39750.56253,cost end EC,22.226273877355997,9683.763727407808,435.689930792834,46.57880990767861,5155.769189263152,56917.51337,"HSBO: 40, Survey: Never",Hyst-BSO: 40,22.226273877355997,9779.889312838555,440.0147936088492,46.57880990767861,Cost End of Life EC,5438.38506407231,"HSBO: 35, Survey: Never",Hyst-BSO: 35,5180.052301261716,282.6158748091584,258.33276281059443,24.28311199856398,13
23,PMS2,39750.56253,cost end EC,23.040307593548135,4468.305343761129,193.93427477558356,47.36085618160198,0.0,56917.51337,"HSBO: 50, Survey: Never",Hyst-BSO: 50,23.040307593548135,4490.776586935382,194.9095761287888,47.36085618160198,Cost End of Life EC,0.0,,,194.0180752769104,0.0,-194.0180752769104,194.0180752769104,13
20,MLH1,39750.56253,cost end EC,22.46775866491148,15928.14250045572,708.9333091925695,45.972678397218566,33269.03888568445,56917.51337,"Hyst+Salp: 40, Oophorectomy: 50",Two-Stage Approach,22.46775866491148,16007.603744572612,712.4699879197176,45.972678397218566,Cost End of Life EC,33269.03888568449,"HSBO: 40, Survey: Never",Hyst-BSO: 40,33269.03888568479,3.637978807091713e-11,-3.055902197957039e-10,3.41970007866621e-10,13
21,MSH6,39750.56253,cost end EC,22.490112844902853,15294.73625069396,680.0648959020386,46.0624107018831,20007.994223225964,56917.51337,"Hyst+Salp: 40, Oophorectomy: 50",Two-Stage Approach,22.490112844902853,15390.82174090664,684.3372395258928,46.0624107018831,Cost End of Life EC,20007.994223225967,"HSBO: 40, Survey: Never",Hyst-BSO: 40,20007.99422322623,3.637978807091713e-12,-2.6193447411060333e-10,2.6557245291769505e-10,13
35,PMS2,6941.44872,cost HSBO,23.040307593548135,3562.4605616783797,154.61861987797238,47.36085618160198,0.0,8551.176080000001,"HSBO: 50, Survey: Never",Hyst-BSO: 50,23.040307593548135,4300.432027854023,186.64820382251546,47.36085618160198,Cost Hyst (+/- BSO),0.0,,,194.0180752769104,0.0,-194.0180752769104,194.0180752769104,14
34,MSH2,6941.44872,cost HSBO,22.226273877355997,8494.485114853776,382.1821490064473,46.57880990767861,6647.7316896739785,8551.176080000001,"HSBO: 40, Survey: Never",Hyst-BSO: 40,22.226273877355997,9468.017435767784,425.9831174587364,46.57880990767861,Cost Hyst (+/- BSO),5454.589304865293,"HSBO: 35, Survey: Never",Hyst-BSO: 35,5180.052301261716,1193.1423848086852,274.53700360357743,-1467.6793884122626,14
33,MSH6,6941.44872,cost HSBO,22.490112844902853,14106.682877145948,627.2393106441473,46.0624107018831,20007.994223225967,8551.176080000001,"Hyst+Salp: 40, Oophorectomy: 50",Two-Stage Approach,22.490112844902853,15079.216345666062,670.4820224627556,46.0624107018831,Cost Hyst (+/- BSO),20007.994223225956,"HSBO: 40, Survey: Never",Hyst-BSO: 40,20007.99422322623,1.0913936421275139e-11,-2.7284841053187847e-10,2.6193447411060333e-10,14
32,MLH1,6941.44872,cost HSBO,22.46775866491148,14730.046279478307,655.6081761053731,45.972678397218566,33269.03888568448,8551.176080000001,"Hyst+Salp: 40, Oophorectomy: 50",Two-Stage Approach,22.46775866491148,15709.582818827714,699.2056062700105,45.972678397218566,Cost Hyst (+/- BSO),33269.03888568448,"HSBO: 40, Survey: Never",Hyst-BSO: 40,33269.03888568479,0.0,-3.128661774098873e-10,3.128661774098873e-10,14
39,PMS2,6620.9133600000005,cost surgical comps,23.040307593548135,4447.316881630682,193.023329379337,47.36085618160198,0.0,9931.37004,"HSBO: 50, Survey: Never",Hyst-BSO: 50,23.040307593548135,4493.1553845456365,195.01282117448088,47.36085618160198,Cost Surgical Comps,0.0,,,194.0180752769104,0.0,-194.0180752769104,194.0180752769104,15
38,MSH2,6620.9133600000005,cost surgical comps,22.226273877355997,9661.71601687726,434.6979646786663,46.57880990767861,5217.105214710522,9931.37004,"HSBO: 40, Survey: Never",Hyst-BSO: 40,22.226273877355997,9722.330172835671,437.4251044724472,46.57880990767861,Cost Surgical Comps,5142.999387811393,"HSBO: 35, Survey: Never",Hyst-BSO: 35,5180.052301261716,74.10582689912917,-37.0529134503231,-37.052913448806066,15
37,MLH1,6620.9133600000005,cost surgical comps,22.46775866491148,15883.191295292145,706.9326109549754,45.972678397218566,33162.8466650527,9931.37004,"Hyst+Salp: 40, Oophorectomy: 50",Two-Stage Approach,22.46775866491148,15986.748750946661,711.5417692247875,45.972678397218566,Cost Surgical Comps,33375.231106316234,"HSBO: 40, Survey: Never",Hyst-BSO: 40,33269.03888568479,212.38444126353716,106.19222063144116,106.192220632096,15
36,MSH6,6620.9133600000005,cost surgical comps,22.490112844902853,15251.311640104253,678.1340647457357,46.0624107018831,19929.855207253277,9931.37004,"Hyst+Salp: 40, Oophorectomy: 50",Two-Stage Approach,22.490112844902853,15354.672706004192,682.7299094448149,46.0624107018831,Cost Surgical Comps,20086.133239198643,"HSBO: 40, Survey: Never",Hyst-BSO: 40,20007.99422322623,156.27803194536682,78.1390159724142,78.13901597295262,15
54,PMS2,4657.0536,cost oophorectomy,23.040307593548135,4470.2361330881595,194.01807527690897,47.36085618160198,0.0,5839.176960000001,"HSBO: 50, Survey: Never",Hyst-BSO: 50,23.040307593548135,4470.2361330881595,194.01807527690897,47.36085618160198,Cost Ooph,0.0,,,194.0180752769104,0.0,-194.0180752769104,194.0180752769104,16
55,MLH1,4657.0536,cost oophorectomy,22.46775866491148,15298.98192656386,680.9304904301248,45.972678397218566,30098.81080511187,5839.176960000001,"Hyst+Salp: 40, Oophorectomy: 50",Two-Stage Approach,22.46775866491148,15800.810299941293,703.2659792904868,45.972678397218566,Cost Ooph,32600.2890710188,"HSBO: 40, Survey: Never",Hyst-BSO: 40,33269.03888568479,2501.4782659069315,-668.7498146659927,3170.2280805729242,16
53,MSH2,4657.0536,cost oophorectomy,22.226273877355997,9692.023094856466,436.0615345755568,46.57880990767861,5180.052301260951,5839.176960000001,"HSBO: 40, Survey: Never",Hyst-BSO: 40,22.226273877355997,9692.023094856466,436.0615345755568,46.57880990767861,Cost Ooph,5180.052301260951,"HSBO: 35, Survey: Never",Hyst-BSO: 35,5180.052301261716,0.0,-7.648850441910326e-10,7.648850441910326e-10,16
52,MSH6,4657.0536,cost oophorectomy,22.490112844902853,14663.24003230409,651.9860586483165,46.0624107018831,17672.188258249003,5839.176960000001,"Hyst+Salp: 40, Oophorectomy: 50",Two-Stage Approach,22.490112844902853,15168.038436387635,674.4314064135659,46.0624107018831,Cost Ooph,19515.263174710617,"HSBO: 40, Survey: Never",Hyst-BSO: 40,20007.99422322623,1843.0749164616136,-492.7310485156122,2335.805964977226,16
58,MLH1,1535.670168,cost init surveillance,22.46775866491148,15934.970023119404,709.2371900898814,45.972678397218566,33269.03888568447,2303.505252,"Hyst+Salp: 40, Oophorectomy: 50",Two-Stage Approach,22.46775866491148,15934.970023119404,709.2371900898814,45.972678397218566,Cost FY Surveillance,33269.03888568447,"HSBO: 40, Survey: Never",Hyst-BSO: 40,33269.03888568479,0.0,-3.2014213502407074e-10,3.2014213502407074e-10,17
57,MSH2,1535.670168,cost init surveillance,22.226273877355997,9692.023094856466,436.0615345755568,46.57880990767861,5180.052301260951,2303.505252,"HSBO: 40, Survey: Never",Hyst-BSO: 40,22.226273877355997,9692.023094856466,436.0615345755568,46.57880990767861,Cost FY Surveillance,5180.052301260951,"HSBO: 35, Survey: Never",Hyst-BSO: 35,5180.052301261716,0.0,-7.648850441910326e-10,7.648850441910326e-10,17
56,PMS2,1535.670168,cost init surveillance,23.040307593548135,4470.2361330881595,194.01807527690897,47.36085618160198,0.0,2303.505252,"HSBO: 50, Survey: Never",Hyst-BSO: 50,23.040307593548135,4470.2361330881595,194.01807527690897,47.36085618160198,Cost FY Surveillance,0.0,,,194.0180752769104,0.0,-194.0180752769104,194.0180752769104,17
59,MSH6,1535.670168,cost init surveillance,22.490112844902853,15302.992173054223,680.4319870952753,46.0624107018831,20007.994223225956,2303.505252,"Hyst+Salp: 40, Oophorectomy: 50",Two-Stage Approach,22.490112844902853,15302.992173054223,680.4319870952753,46.0624107018831,Cost FY Surveillance,20007.994223225956,"HSBO: 40, Survey: Never",Hyst-BSO: 40,20007.99422322623,0.0,-2.7284841053187847e-10,2.7284841053187847e-10,17
72,PMS2,1100.72392,cost surveillance,23.040307593548135,4470.2361330881595,194.01807527690897,47.36085618160198,0.0,1651.08588,"HSBO: 50, Survey: Never",Hyst-BSO: 50,23.040307593548135,4470.2361330881595,194.01807527690897,47.36085618160198,Cost Surveillance,0.0,,,194.0180752769104,0.0,-194.0180752769104,194.0180752769104,18
73,MSH2,1100.72392,cost surveillance,22.226273877355997,9692.023094856466,436.0615345755568,46.57880990767861,5180.052301260951,1651.08588,"HSBO: 40, Survey: Never",Hyst-BSO: 40,22.226273877355997,9692.023094856466,436.0615345755568,46.57880990767861,Cost Surveillance,5180.052301260951,"HSBO: 35, Survey: Never",Hyst-BSO: 35,5180.052301261716,0.0,-7.648850441910326e-10,7.648850441910326e-10,18
74,MSH6,1100.72392,cost surveillance,22.490112844902853,15302.992173054223,680.4319870952753,46.0624107018831,20007.994223225956,1651.08588,"Hyst+Salp: 40, Oophorectomy: 50",Two-Stage Approach,22.490112844902853,15302.992173054223,680.4319870952753,46.0624107018831,Cost Surveillance,20007.994223225956,"HSBO: 40, Survey: Never",Hyst-BSO: 40,20007.99422322623,0.0,-2.7284841053187847e-10,2.7284841053187847e-10,18
75,MLH1,1100.72392,cost surveillance,22.46775866491148,15934.970023119404,709.2371900898814,45.972678397218566,33269.03888568447,1651.08588,"Hyst+Salp: 40, Oophorectomy: 50",Two-Stage Approach,22.46775866491148,15934.970023119404,709.2371900898814,45.972678397218566,Cost Surveillance,33269.03888568447,"HSBO: 40, Survey: Never",Hyst-BSO: 40,33269.03888568479,0.0,-3.2014213502407074e-10,3.2014213502407074e-10,18
189,MSH6,0.015,U init hysterectomy,22.495327064422195,15302.992173054223,680.2742689283629,46.0624107018831,19634.204263881344,0.035,"Hyst+Salp: 40, Oophorectomy: 50",Two-Stage Approach,22.48489862538351,15302.992173054223,680.5897784114741,46.0624107018831,DU Initial Hyst,20396.292586335687,"HSBO: 40, Survey: Never",Hyst-BSO: 40,20007.99422322623,762.0883224543431,388.29836310945757,373.7899593448856,19
192,PMS2,0.015,U init hysterectomy,23.040307593548135,4470.2361330881595,194.01807527690897,47.36085618160198,0.0,0.035,"HSBO: 50, Survey: Never",Hyst-BSO: 50,23.040307593548135,4470.2361330881595,194.01807527690897,47.36085618160198,DU Initial Hyst,0.0,,,194.0180752769104,0.0,-194.0180752769104,194.0180752769104,19
195,MSH2,0.015,U init hysterectomy,22.226273877355997,9692.023094856466,436.0615345755568,46.57880990767861,5180.052301260951,0.035,"HSBO: 40, Survey: Never",Hyst-BSO: 40,22.226273877355997,9692.023094856466,436.0615345755568,46.57880990767861,DU Initial Hyst,5180.052301260951,"HSBO: 35, Survey: Never",Hyst-BSO: 35,5180.052301261716,0.0,-7.648850441910326e-10,7.648850441910326e-10,19
193,MLH1,0.015,U init hysterectomy,22.473010549094962,15934.970023119404,709.0714432010597,45.972678397218566,32420.30077978522,0.035,"Hyst+Salp: 40, Oophorectomy: 50",Two-Stage Approach,22.462506780727992,15934.970023119404,709.4030144841637,45.972678397218566,DU Initial Hyst,34163.41023310908,"HSBO: 40, Survey: Never",Hyst-BSO: 40,33269.03888568479,1743.1094533238647,894.3713474242904,848.7381058995743,19
194,MSH2,0.015,U init HSBO,22.231493468963674,9692.023094856466,435.9591544484871,46.57880990767861,5213.4051600834555,0.035,"HSBO: 40, Survey: Never",Hyst-BSO: 40,22.221054285748316,9692.023094856466,436.163962799575,46.57880990767861,DU Initial Hyst-BSO,5147.123480744742,"HSBO: 35, Survey: Never",Hyst-BSO: 35,5180.052301261716,66.28167933871373,-32.928820516974156,-33.352858821739574,20
188,MSH6,0.015,U init HSBO,22.493715490920348,15302.992173054223,680.3230075187587,46.0624107018831,20126.41874443282,0.035,"Hyst+Salp: 40, Oophorectomy: 50",Two-Stage Approach,22.48651019888536,15302.992173054223,680.5410015918246,46.0624107018831,DU Initial Hyst-BSO,19890.955177524043,"HSBO: 40, Survey: Never",Hyst-BSO: 40,20007.99422322623,235.46356690877656,-117.03904570218583,-118.42452120659073,20
190,MLH1,0.015,U init HSBO,22.471339967281853,15934.970023119404,709.124157541145,45.972678397218566,33548.409813315244,0.035,"Hyst+Salp: 40, Oophorectomy: 50",Two-Stage Approach,22.464177362541108,15934.970023119404,709.3502586785519,45.972678397218566,DU Initial Hyst-BSO,32994.28239704296,"HSBO: 40, Survey: Never",Hyst-BSO: 40,33269.03888568479,554.1274162722839,-274.75648864183313,-279.37092763045075,20
191,PMS2,0.015,U init HSBO,23.044175599838816,4470.2361330881595,193.98550899427389,47.36085618160198,0.0,0.035,"HSBO: 50, Survey: Never",Hyst-BSO: 50,23.036439587257462,4470.2361330881595,194.05065249583348,47.36085618160198,DU Initial Hyst-BSO,0.0,,,194.0180752769104,0.0,-194.0180752769104,194.0180752769104,20
80,MSH6,0.95,U hysterectomy,21.944381766451205,15302.992173054223,697.3535338530062,46.0624107018831,99877.68738612514,1.0,"Hyst+Salp: 40, Oophorectomy: 50",Two-Stage Approach,22.490112844902853,15302.992173054223,680.4319870952753,46.0624107018831,U Hysterectomy,20007.994223225956,"HSBO: 40, Survey: Never",Hyst-BSO: 40,20007.99422322623,79869.69316289917,-2.7284841053187847e-10,-79869.69316289891,21
81,PMS2,0.95,U hysterectomy,22.700366598518364,4470.2361330881595,196.9235216395108,47.36085618160198,0.0,1.0,"HSBO: 50, Survey: Never",Hyst-BSO: 50,23.040307593548135,4470.2361330881595,194.01807527690897,47.36085618160198,U Hysterectomy,0.0,,,194.0180752769104,0.0,-194.0180752769104,194.0180752769104,21
82,MLH1,0.95,U hysterectomy,21.923502773699365,15934.970023119404,726.8441629790959,45.972678397218566,-457703.89855326235,1.0,"Hyst+Salp: 40, Oophorectomy: 50",Two-Stage Approach,22.46775866491148,15934.970023119404,709.2371900898814,45.972678397218566,U Hysterectomy,33269.03888568447,"HSBO: 40, Survey: Never",Hyst-BSO: 40,33269.03888568479,490972.9374389468,-3.2014213502407074e-10,490972.93743894715,21
83,MSH2,0.95,U hysterectomy,21.89922964327673,9692.023094856466,442.5737002046558,46.57880990767861,4942.589957538351,1.0,"HSBO: 40, Survey: Never",Hyst-BSO: 40,22.226273877355997,9692.023094856466,436.0615345755568,46.57880990767861,U Hysterectomy,5180.052301260951,"HSBO: 35, Survey: Never",Hyst-BSO: 35,5180.052301261716,237.46234372260005,-7.648850441910326e-10,237.46234372336494,21
86,MLH1,0.86,U HSBO,22.467103215932834,15934.970023119404,709.2578811770854,45.972678397218566,17247.047159718266,0.95,"Hyst+Salp: 40, Oophorectomy: 50",Two-Stage Approach,22.468577976134778,15934.970023119404,709.2113279284915,45.972678397218566,U Early Menopause,-206367.39766648144,"HSBO: 40, Survey: Never",Hyst-BSO: 40,33269.03888568479,223614.4448261997,-239636.43655216624,16021.991725966527,22
85,MSH6,0.86,U HSBO,22.489461614004973,15302.992173054223,680.4516904719727,46.0624107018831,11941.033086584039,0.95,"Hyst+Salp: 40, Oophorectomy: 50",Two-Stage Approach,22.490926883525205,15302.992173054223,680.4073594789814,46.0624107018831,U Early Menopause,128634.0643501292,"HSBO: 40, Survey: Never",Hyst-BSO: 40,20007.99422322623,116693.03126354517,108626.07012690298,8066.9611366421905,22
84,PMS2,0.86,U HSBO,23.040307593548135,4470.2361330881595,194.01807527690897,47.36085618160198,0.0,0.95,"HSBO: 50, Survey: Never",Hyst-BSO: 50,23.040307593548135,4470.2361330881595,194.01807527690897,47.36085618160198,U Early Menopause,0.0,,,194.0180752769104,0.0,-194.0180752769104,194.0180752769104,22
87,MSH2,0.86,U HSBO,22.040401556951448,9692.023094856466,439.7389525691125,46.57880990767861,2882.6601087463473,0.95,"HSBO: 40, Survey: Never",Hyst-BSO: 40,22.458614277861678,9692.023094856466,431.5503608078913,46.57880990767861,U Early Menopause,1367446.015755943,"HSBO: 35, Survey: Never",Hyst-BSO: 35,5180.052301261716,1364563.3556471968,1362265.9634546812,2297.3921925153686,22
106,MLH1,0.73,U init EC local,22.46680091527322,15934.970023119404,709.2674245529369,45.972678397218566,33269.03888568447,0.89,"Hyst+Salp: 40, Oophorectomy: 50",Two-Stage Approach,22.46833331469443,15934.970023119404,709.2190506492902,45.972678397218566,U FY Local EC,33269.03888568447,"HSBO: 40, Survey: Never",Hyst-BSO: 40,33269.03888568479,0.0,-3.2014213502407074e-10,3.2014213502407074e-10,23
110,PMS2,0.73,U init EC local,23.04003756572672,4470.2361330881595,194.02034915680315,47.36085618160198,0.0,0.89,"HSBO: 50, Survey: Never",Hyst-BSO: 50,23.040469610240997,4470.2361330881595,194.01671097455562,47.36085618160198,U FY Local EC,0.0,,,194.0180752769104,0.0,-194.0180752769104,194.0180752769104,23
113,MSH2,0.73,U init EC local,22.225115323875283,9692.023094856466,436.0842656435996,46.57880990767861,5196.301230618242,0.89,"HSBO: 40, Survey: Never",Hyst-BSO: 40,22.22696900944442,9692.023094856466,436.04789707216696,46.57880990767861,U FY Local EC,5170.3516305722,"HSBO: 35, Survey: Never",Hyst-BSO: 35,5180.052301261716,25.94960004604218,-9.7006706895163,-16.248929356525878,23
109,MSH6,0.73,U init EC local,22.488954783347552,15302.992173054223,680.4670257234749,46.0624107018831,20007.994223225956,0.89,"Hyst+Salp: 40, Oophorectomy: 50",Two-Stage Approach,22.49080768183604,15302.992173054223,680.4109656503435,46.0624107018831,U FY Local EC,20007.994223225694,"HSBO: 40, Survey: Never",Hyst-BSO: 40,20007.99422322623,2.6193447411060333e-10,-5.347828846424818e-10,2.7284841053187847e-10,23
114,MSH2,0.73,U init EC regional,22.225984163460396,9692.023094856466,436.0672186021886,46.57880990767861,5184.346710758259,0.89,"HSBO: 40, Survey: Never",Hyst-BSO: 40,22.226447705693353,9692.023094856466,436.05812423070347,46.57880990767861,U FY Regional EC,5177.479068814261,"HSBO: 35, Survey: Never",Hyst-BSO: 35,5180.052301261716,6.867641943998024,-2.5732324474547568,-4.294409496543267,24
101,PMS2,0.73,U init EC regional,23.04023920113913,4470.2361330881595,194.01865119816756,47.36085618160198,0.0,0.89,"HSBO: 50, Survey: Never",Hyst-BSO: 50,23.04034862899355,4470.2361330881595,194.0177297257949,47.36085618160198,U FY Regional EC,0.0,,,194.0180752769104,0.0,-194.0180752769104,194.0180752769104,24
102,MLH1,0.73,U init EC regional,22.467519194314914,15934.970023119404,709.2447495116204,45.972678397218566,33269.03888568447,0.89,"Hyst+Salp: 40, Oophorectomy: 50",Two-Stage Approach,22.467902347269415,15934.970023119404,709.2326545141863,45.972678397218566,U FY Regional EC,33269.03888568447,"HSBO: 40, Survey: Never",Hyst-BSO: 40,33269.03888568479,0.0,-3.2014213502407074e-10,3.2014213502407074e-10,24
107,MSH6,0.73,U init EC regional,22.489823248122814,15302.992173054223,680.4407488765629,46.0624107018831,20007.994223225956,0.89,"Hyst+Salp: 40, Oophorectomy: 50",Two-Stage Approach,22.490286602970883,15302.992173054223,680.4267301348109,46.0624107018831,U FY Regional EC,20007.994223225694,"HSBO: 40, Survey: Never",Hyst-BSO: 40,20007.99422322623,2.6193447411060333e-10,-5.347828846424818e-10,2.7284841053187847e-10,24
158,MSH6,0.49,U init EC distant,22.489996543023256,15302.992173054223,680.4355057938614,46.0624107018831,20007.994223225956,0.69,"Hyst+Salp: 40, Oophorectomy: 50",Two-Stage Approach,22.490229146782454,15302.992173054223,680.428468433081,46.0624107018831,U FY Distant EC,20007.994223225694,"HSBO: 40, Survey: Never",Hyst-BSO: 40,20007.99422322623,2.6193447411060333e-10,-5.347828846424818e-10,2.7284841053187847e-10,25
165,MSH2,0.49,U init EC distant,22.22615753137069,9692.023094856466,436.06381720172925,46.57880990767861,5181.89534225429,0.69,"HSBO: 40, Survey: Never",Hyst-BSO: 40,22.226390223341298,9692.023094856466,436.0592519732816,46.57880990767861,U FY Distant EC,5178.210570827853,"HSBO: 35, Survey: Never",Hyst-BSO: 35,5180.052301261716,3.6847714264367823,-1.8417304338627218,-1.8430409925740605,25
171,PMS2,0.49,U init EC distant,23.040279697246355,4470.2361330881595,194.01831018667787,47.36085618160198,0.0,0.69,"HSBO: 50, Survey: Never",Hyst-BSO: 50,23.04033548984993,4470.2361330881595,194.0178403677088,47.36085618160198,U FY Distant EC,0.0,,,194.0180752769104,0.0,-194.0180752769104,194.0180752769104,25
162,MLH1,0.49,U init EC distant,22.46766251060836,15934.970023119404,709.2402253948549,45.972678397218566,33269.03888568447,0.69,"Hyst+Salp: 40, Oophorectomy: 50",Two-Stage Approach,22.467854819214597,15934.970023119404,709.2341548108881,45.972678397218566,U FY Distant EC,33269.03888568447,"HSBO: 40, Survey: Never",Hyst-BSO: 40,33269.03888568479,0.0,-3.2014213502407074e-10,3.2014213502407074e-10,25
115,PMS2,0.73,U EC local,23.035889916118332,4470.2361330881595,194.05528283759995,47.36085618160198,0.0,0.89,"HSBO: 50, Survey: Never",Hyst-BSO: 50,23.042958200006005,4470.2361330881595,193.99575758840697,47.36085618160198,U Local EC,0.0,,,194.0180752769104,0.0,-194.0180752769104,194.0180752769104,26
100,MSH2,0.73,U EC local,22.206056099615942,9692.023094856466,436.4585521795602,46.57880990767861,5482.616282183553,0.89,"HSBO: 40, Survey: Never",Hyst-BSO: 40,22.23840454400003,9692.023094856466,435.8236705191783,46.57880990767861,U Local EC,5014.029584357932,"HSBO: 35, Survey: Never",Hyst-BSO: 35,5180.052301261716,468.58669782562083,-166.02271690378348,-302.56398092183736,26
111,MLH1,0.73,U EC local,22.45104486469544,15934.970023119404,709.7651855026735,45.972678397218566,33269.03888568506,0.89,"Hyst+Salp: 40, Oophorectomy: 50",Two-Stage Approach,22.477786945041107,15934.970023119404,708.9207697395168,45.972678397218566,U Local EC,33269.038885683294,"HSBO: 40, Survey: Never",Hyst-BSO: 40,33269.03888568479,1.7680577002465725e-09,-1.4988472685217857e-09,-2.6921043172478676e-10,26
104,MSH6,0.73,U EC local,22.469903697408913,15302.992173054223,681.0439590276867,46.0624107018831,20007.994223226215,0.89,"Hyst+Salp: 40, Oophorectomy: 50",Two-Stage Approach,22.502238333399223,15302.992173054223,680.0653315603972,46.0624107018831,U Local EC,20007.994223226215,"HSBO: 40, Survey: Never",Hyst-BSO: 40,20007.99422322623,0.0,-1.4551915228366852e-11,1.4551915228366852e-11,26
112,MLH1,0.73,U EC regional,22.465766202504057,15934.970023119404,709.3000915029231,45.972678397218566,33269.038885681526,0.89,"Hyst+Salp: 40, Oophorectomy: 50",Two-Stage Approach,22.468954142355944,15934.970023119404,709.1994545968026,45.972678397218566,U Regional EC,33269.038885683294,"HSBO: 40, Survey: Never",Hyst-BSO: 40,33269.03888568479,1.7680577002465725e-09,-1.4988472685217857e-09,3.2669049687683582e-09,27
105,PMS2,0.73,U EC regional,23.03973940541614,4470.2361330881595,194.02285999976652,47.36085618160198,0.0,0.89,"HSBO: 50, Survey: Never",Hyst-BSO: 50,23.04064850642732,4470.2361330881595,194.0152045564673,47.36085618160198,U Regional EC,0.0,,,194.0180752769104,0.0,-194.0180752769104,194.0180752769104,27
103,MSH6,0.73,U EC regional,22.487703456273653,15302.992173054223,680.504890275266,46.0624107018831,20007.994223225956,0.89,"Hyst+Salp: 40, Oophorectomy: 50",Two-Stage Approach,22.49155847808037,15302.992173054223,680.388252684583,46.0624107018831,U Regional EC,20007.994223226735,"HSBO: 40, Survey: Never",Hyst-BSO: 40,20007.99422322623,7.785274647176266e-10,5.056790541857481e-10,2.7284841053187847e-10,27
108,MSH2,0.73,U EC regional,22.223863494646867,9692.023094856466,436.1088294657234,46.57880990767861,5217.3249162012535,0.89,"HSBO: 40, Survey: Never",Hyst-BSO: 40,22.227720106981472,9692.023094856466,436.03316256498624,46.57880990767861,U Regional EC,5157.943266113938,"HSBO: 35, Survey: Never",Hyst-BSO: 35,5180.052301261716,59.38165008731539,-22.10903514777783,-37.27261493953756,27
156,PMS2,0.49,U EC distant,23.04024991276726,4470.2361330881595,194.01856099707817,47.36085618160198,0.0,0.69,"HSBO: 50, Survey: Never",Hyst-BSO: 50,23.04036527432901,4470.2361330881595,194.01758955917177,47.36085618160198,U Distant EC,0.0,,,194.0180752769104,0.0,-194.0180752769104,194.0180752769104,28
159,MSH2,0.49,U EC distant,22.226036871077138,9692.023094856466,436.06618449682986,46.57880990767861,5183.932674437285,0.69,"HSBO: 40, Survey: Never",Hyst-BSO: 40,22.22651088363484,9692.023094856466,436.0568847534503,46.57880990767861,U Distant EC,5176.177732956747,"HSBO: 35, Survey: Never",Hyst-BSO: 35,5180.052301261716,7.754941480538037,-3.874568304969216,-3.8803731755688204,28
166,MLH1,0.49,U EC distant,22.467562783935264,15934.970023119404,709.2433734963549,45.972678397218566,33269.038885682116,0.69,"Hyst+Salp: 40, Oophorectomy: 50",Two-Stage Approach,22.4679545458877,15934.970023119404,709.2310067912246,45.972678397218566,U Distant EC,33269.03888568565,"HSBO: 40, Survey: Never",Hyst-BSO: 40,33269.03888568479,3.536115400493145e-09,8.585629984736443e-10,2.6775524020195007e-09,28
157,MSH6,0.49,U EC distant,22.489875929844168,15302.992173054223,680.4391549687067,46.0624107018831,20007.994223226473,0.69,"Hyst+Salp: 40, Oophorectomy: 50",Two-Stage Approach,22.490349759961532,15302.992173054223,680.4248193728579,46.0624107018831,U Distant EC,20007.994223226735,"HSBO: 40, Survey: Never",Hyst-BSO: 40,20007.99422322623,2.6193447411060333e-10,5.056790541857481e-10,-2.4374458007514477e-10,28
127,PMS2,0.65,U init OC local,23.040307593548135,4470.2361330881595,194.01807527690897,47.36085618160198,0.0,0.85,"HSBO: 50, Survey: Never",Hyst-BSO: 50,23.040307593548135,4470.2361330881595,194.01807527690897,47.36085618160198,U FY Local OC,0.0,,,194.0180752769104,0.0,-194.0180752769104,194.0180752769104,29
122,MSH6,0.65,U init OC local,22.48958204724376,15302.992173054223,680.448046606971,46.0624107018831,20022.613008521574,0.85,"Hyst+Salp: 40, Oophorectomy: 50",Two-Stage Approach,22.490643642561956,15302.992173054223,680.4159283416145,46.0624107018831,U FY Local OC,19993.39676910827,"HSBO: 40, Survey: Never",Hyst-BSO: 40,20007.99422322623,29.21623941330472,-14.597454117960297,-14.618785295344424,29
120,MLH1,0.65,U init OC local,22.46713654846599,15934.970023119404,709.2568289129578,45.972678397218566,33324.47872163223,0.85,"Hyst+Salp: 40, Oophorectomy: 50",Two-Stage Approach,22.46838078135697,15934.970023119404,709.2175523543453,45.972678397218566,U FY Local OC,33213.78320689065,"HSBO: 40, Survey: Never",Hyst-BSO: 40,33269.03888568479,110.69551474157925,-55.25567879414302,-55.43983594743622,29
130,MSH2,0.65,U init OC local,22.225957407719395,9692.023094856466,436.067743542525,46.57880990767861,5182.981619675681,0.85,"HSBO: 40, Survey: Never",Hyst-BSO: 40,22.22659034699259,9692.023094856466,436.0553257853993,46.57880990767861,U FY Local OC,5177.126292161436,"HSBO: 35, Survey: Never",Hyst-BSO: 35,5180.052301261716,5.855327514244891,-2.926009100279771,-2.9293184139651203,29
121,MLH1,0.65,U init OC regional,22.467039181242953,15934.970023119404,709.2599026765852,45.972678397218566,33339.83892201035,0.85,"Hyst+Salp: 40, Oophorectomy: 50",Two-Stage Approach,22.468478148580004,15934.970023119404,709.2144789577787,45.972678397218566,U FY Regional OC,33198.53891217033,"HSBO: 40, Survey: Never",Hyst-BSO: 40,33269.03888568479,141.30000984002254,-70.49997351446655,-70.800036325556,30
123,PMS2,0.65,U init OC regional,23.040307593548135,4470.2361330881595,194.01807527690897,47.36085618160198,0.0,0.85,"HSBO: 50, Survey: Never",Hyst-BSO: 50,23.040307593548135,4470.2361330881595,194.01807527690897,47.36085618160198,U FY Regional OC,0.0,,,194.0180752769104,0.0,-194.0180752769104,194.0180752769104,30
134,MSH6,0.65,U init OC regional,22.489471738738693,15302.992173054223,680.4513841334222,46.0624107018831,20030.23108760198,0.85,"Hyst+Salp: 40, Oophorectomy: 50",Two-Stage Approach,22.490753951067028,15302.992173054223,680.4125911629656,46.0624107018831,U FY Regional OC,19985.806677281285,"HSBO: 40, Survey: Never",Hyst-BSO: 40,20007.99422322623,44.42441032069473,-22.18754594494385,-22.236864375750883,30
132,MSH2,0.65,U init OC regional,22.225951511732397,9692.023094856466,436.0678592203508,46.57880990767861,5185.105245607069,0.85,"HSBO: 40, Survey: Never",Hyst-BSO: 40,22.22659624297959,9692.023094856466,436.0552101142231,46.57880990767861,U FY Regional OC,5175.0091956312035,"HSBO: 35, Survey: Never",Hyst-BSO: 35,5180.052301261716,10.096049975865753,-5.0431056305124,-5.052944345353353,30
160,MSH2,0.49,U init OC distant,22.22541681185659,9692.023094856466,436.07835015656775,46.57880990767861,5193.461879612969,0.69,"HSBO: 40, Survey: Never",Hyst-BSO: 40,22.227130942855396,9692.023094856466,436.04472029134433,46.57880990767861,U FY Distant OC,5166.7117919433185,"HSBO: 35, Survey: Never",Hyst-BSO: 35,5180.052301261716,26.750087669650384,-13.34050931839738,-13.409578351253003,31
161,MSH6,0.49,U init OC distant,22.488410592341438,15302.992173054223,680.4834921622139,46.0624107018831,20067.059455727744,0.69,"Hyst+Salp: 40, Oophorectomy: 50",Two-Stage Approach,22.491815097464276,15302.992173054223,680.3804898244731,46.0624107018831,U FY Distant OC,19949.27567462328,"HSBO: 40, Survey: Never",Hyst-BSO: 40,20007.99422322623,117.78378110446283,-58.71854860294843,-59.0652325015144,31
164,PMS2,0.49,U init OC distant,23.040307593548135,4470.2361330881595,194.01807527690897,47.36085618160198,0.0,0.69,"HSBO: 50, Survey: Never",Hyst-BSO: 50,23.040307593548135,4470.2361330881595,194.01807527690897,47.36085618160198,U FY Distant OC,0.0,,,194.0180752769104,0.0,-194.0180752769104,194.0180752769104,31
167,MLH1,0.49,U init OC distant,22.465847705320694,15934.970023119404,709.2975182657118,45.972678397218566,33457.617948530235,0.69,"Hyst+Salp: 40, Oophorectomy: 50",Two-Stage Approach,22.469669624502263,15934.970023119404,709.1768721754131,45.972678397218566,U FY Distant OC,33082.57370589788,"HSBO: 40, Survey: Never",Hyst-BSO: 40,33269.03888568479,375.04424263235705,-186.46517978691554,-188.5790628454415,31
124,PMS2,0.65,U OC local,23.040307593548135,4470.2361330881595,194.01807527690897,47.36085618160198,0.0,0.85,"HSBO: 50, Survey: Never",Hyst-BSO: 50,23.040307593548135,4470.2361330881595,194.01807527690897,47.36085618160198,U Local OC,0.0,,,194.0180752769104,0.0,-194.0180752769104,194.0180752769104,32
125,MLH1,0.65,U OC local,22.458392942730274,15934.970023119404,709.5329600721726,45.972678397218566,34072.16507437665,0.85,"Hyst+Salp: 40, Oophorectomy: 50",Two-Stage Approach,22.477124387092694,15934.970023119404,708.9416665892516,45.972678397218566,U Local OC,32502.902304911444,"HSBO: 40, Survey: Never",Hyst-BSO: 40,33269.03888568479,1569.2627694652074,-766.1365807733491,-803.1261886918583,32
129,MSH2,0.65,U OC local,22.22118506032973,9692.023094856466,436.1613959175879,46.57880990767861,5225.483955756378,0.85,"HSBO: 40, Survey: Never",Hyst-BSO: 40,22.231362694382252,9692.023094856466,435.9617189505702,46.57880990767861,U Local OC,5135.403825773463,"HSBO: 35, Survey: Never",Hyst-BSO: 35,5180.052301261716,90.08012998291542,-44.6484754882531,-45.431654494662325,32
133,MSH6,0.65,U OC local,22.482017110163923,15302.992173054223,680.6770094546309,46.0624107018831,20212.865414021504,0.85,"Hyst+Salp: 40, Oophorectomy: 50",Two-Stage Approach,22.498208579641787,15302.992173054223,680.1871410731616,46.0624107018831,U Local OC,19807.234379895894,"HSBO: 40, Survey: Never",Hyst-BSO: 40,20007.99422322623,405.6310341256103,-200.75984333033557,-204.87119079527474,32
135,MSH6,0.65,U OC regional,22.483855526506293,15302.992173054223,680.6213531755474,46.0624107018831,20225.693027461595,0.85,"Hyst+Salp: 40, Oophorectomy: 50",Two-Stage Approach,22.496370163299414,15302.992173054223,680.2427263585629,46.0624107018831,U Regional OC,19794.931906884398,"HSBO: 40, Survey: Never",Hyst-BSO: 40,20007.99422322623,430.7611205771973,-213.06231634183132,-217.69880423536597,33
128,MSH2,0.65,U OC regional,22.223108656877184,9692.023094856466,436.1236424885662,46.57880990767861,5232.025217003151,0.85,"HSBO: 40, Survey: Never",Hyst-BSO: 40,22.229439097834803,9692.023094856466,435.99944434947486,46.57880990767861,U Regional OC,5129.101787080293,"HSBO: 35, Survey: Never",Hyst-BSO: 35,5180.052301261716,102.9234299228574,-50.95051418142248,-51.97291574143492,33
131,PMS2,0.65,U OC regional,23.040307593548135,4470.2361330881595,194.01807527690897,47.36085618160198,0.0,0.85,"HSBO: 50, Survey: Never",Hyst-BSO: 50,23.040307593548135,4470.2361330881595,194.01807527690897,47.36085618160198,U Regional OC,0.0,,,194.0180752769104,0.0,-194.0180752769104,194.0180752769104,33
126,MLH1,0.65,U OC regional,22.460750360981415,15934.970023119404,709.4584894546298,45.972678397218566,33967.77577578353,0.85,"Hyst+Salp: 40, Oophorectomy: 50",Two-Stage Approach,22.47476696884155,15934.970023119404,709.0160287406426,45.972678397218566,U Regional OC,32598.46942311245,"HSBO: 40, Survey: Never",Hyst-BSO: 40,33269.03888568479,1369.3063526710794,-670.5694625723445,-698.7368900987349,33
168,MSH6,0.49,U OC distant,22.484938745900962,15302.992173054223,680.5885640157228,46.0624107018831,20191.0221451054,0.69,"Hyst+Salp: 40, Oophorectomy: 50",Two-Stage Approach,22.49528694390476,15302.992173054223,680.2754822027583,46.0624107018831,U Distant OC,19828.254721673602,"HSBO: 40, Survey: Never",Hyst-BSO: 40,20007.99422322623,362.7674234317965,-179.7395015526272,-183.0279218791693,34
170,MSH2,0.49,U OC distant,22.223699720652306,9692.023094856466,436.11204329987174,46.57880990767861,5222.02915845287,0.69,"HSBO: 40, Survey: Never",Hyst-BSO: 40,22.22884803405969,9692.023094856466,436.0110375493172,46.57880990767861,U Distant OC,5138.744917673155,"HSBO: 35, Survey: Never",Hyst-BSO: 35,5180.052301261716,83.28424077971522,-41.3073835885607,-41.97685719115452,34
169,PMS2,0.49,U OC distant,23.040307593548135,4470.2361330881595,194.01807527690897,47.36085618160198,0.0,0.69,"HSBO: 50, Survey: Never",Hyst-BSO: 50,23.040307593548135,4470.2361330881595,194.01807527690897,47.36085618160198,U Distant OC,0.0,,,194.0180752769104,0.0,-194.0180752769104,194.0180752769104,34
163,MLH1,0.49,U OC distant,22.461933402956838,15934.970023119404,709.4211231621656,45.972678397218566,33856.64292094886,0.69,"Hyst+Salp: 40, Oophorectomy: 50",Two-Stage Approach,22.473583926866116,15934.970023119404,709.0533523702863,45.972678397218566,U Distant OC,32701.48339453299,"HSBO: 40, Survey: Never",Hyst-BSO: 40,33269.03888568479,1155.159526415875,-567.5554911518047,-587.6040352640703,34
187,PMS2,0.033,U surgical comps,23.04042805879324,4470.2361330881595,194.0170608671535,47.36085618160198,0.0,0.053,"HSBO: 50, Survey: Never",Hyst-BSO: 50,23.04018712830303,4470.2361330881595,194.01908969727208,47.36085618160198,DU Surgical Complications,0.0,,,194.0180752769104,0.0,-194.0180752769104,194.0180752769104,35
186,MSH2,0.033,U surgical comps,22.226436835533725,9692.023094856466,436.05833749122075,46.57880990767861,5181.08452806642,0.053,"HSBO: 40, Survey: Never",Hyst-BSO: 40,22.226110919178264,9692.023094856466,436.06473170677384,46.57880990767861,DU Surgical Complications,5179.020485674384,"HSBO: 35, Survey: Never",Hyst-BSO: 35,5180.052301261716,2.0640423920358444,-1.0318155873319483,-1.032226804703896,35
185,MSH6,0.033,U surgical comps,22.490388140126463,15302.992173054223,680.4236582182958,46.0624107018831,19999.780226976894,0.053,"Hyst+Salp: 40, Oophorectomy: 50",Two-Stage Approach,22.489837549679248,15302.992173054223,680.44031617616,46.0624107018831,DU Surgical Complications,20016.214969294513,"HSBO: 40, Survey: Never",Hyst-BSO: 40,20007.99422322623,16.434742317618657,8.220746068283916,8.213996249334741,35
184,MLH1,0.033,U surgical comps,22.468034499951553,15934.970023119404,709.2284829433462,45.972678397218566,33250.47999725933,0.053,"Hyst+Salp: 40, Oophorectomy: 50",Two-Stage Approach,22.467482829871404,15934.970023119404,709.2458974502134,45.972678397218566,DU Surgical Complications,33287.61850311462,"HSBO: 40, Survey: Never",Hyst-BSO: 40,33269.03888568479,37.13850585529144,18.57961742983025,18.55888842546119,35
201,PMS2,0.0013599999999999999,surgical mortality,23.042627716139524,4471.633927219291,194.0592011599123,47.36872617775216,0.0,0.00204,"HSBO: 50, Survey: Never",Hyst-BSO: 50,23.03798747095673,4468.838338957092,193.97694111045146,47.35298618545181,Surgical Mortality,0.0,,,194.0180752769104,0.0,-194.0180752769104,194.0180752769104,36
203,MSH6,0.0013599999999999999,surgical mortality,22.49604183083408,15307.616875422302,680.4582330764072,46.080384366816105,19854.04923682302,0.00204,"Hyst+Salp: 40, Oophorectomy: 50",Two-Stage Approach,22.4841853432618,15298.36808764059,680.4057097948314,46.04444207175208,Surgical Mortality,20164.39712017309,"HSBO: 40, Survey: Never",Hyst-BSO: 40,20007.99422322623,310.34788335007033,156.40289694685998,153.94498640321035,36
202,MSH2,0.0013599999999999999,surgical mortality,22.229942635482605,9693.87145608304,436.0727157527633,46.58960264348109,5211.43032888487,0.00204,"HSBO: 40, Survey: Never",Hyst-BSO: 40,22.22260511922939,9690.174733630412,436.0503497065441,46.56801717187612,Surgical Mortality,5149.076742344116,"HSBO: 35, Survey: Never",Hyst-BSO: 35,5180.052301261716,62.353586540753895,-30.97555891760021,-31.378027623153685,36
200,MLH1,0.0013599999999999999,surgical mortality,22.473675918249498,15940.011875823433,709.274794822485,45.99061457704275,32919.28249647942,0.00204,"Hyst+Salp: 40, Oophorectomy: 50",Two-Stage Approach,22.461842887951637,15929.928784081161,709.1995462503148,45.954747225358446,Surgical Mortality,33626.40464552878,"HSBO: 40, Survey: Never",Hyst-BSO: 40,33269.03888568479,707.1221490493626,357.3657598439895,349.7563892053731,36
207,MSH6,-5,oc lifetime risk,22.80269581279409,11234.152386905134,492.6677301287288,46.859583459457326,9852.142076736753,5,"Hyst+Salp: 40, Oophorectomy: 50",Two-Stage Approach,21.148081417118416,32066.113942275402,1516.265864019198,42.714951980560315,OC Lifetime Risk,-160321.06866262006,"HSBO: 40, Survey: Never",Hyst-BSO: 40,20007.99422322623,170173.21073935681,-180329.0628858463,10155.852146489477,37
209,MSH2,-5,oc lifetime risk,22.35681958656536,7989.813648525104,357.3770239361924,46.905813274717616,191.28060999523598,5,"HSBO: 40, Survey: Never",Hyst-BSO: 40,21.92069569704562,13217.512725442335,602.9695821754297,45.8929323923279,OC Lifetime Risk,8982.616419743998,"HSBO: 35, Survey: Never",Hyst-BSO: 35,5180.052301261716,8791.335809748762,3802.5641184822816,4988.77169126648,37
205,PMS2,-5,oc lifetime risk,23.04030759354814,4470.236133088192,194.01807527691037,47.36085618160198,0.0,5,"HSBO: 50, Survey: Never",Hyst-BSO: 50,19.20838337230599,46644.78293374143,2428.355475296913,39.19340044827867,OC Lifetime Risk,0.0,,,194.0180752769104,0.0,-194.0180752769104,194.0180752769104,37
211,MLH1,-5,oc lifetime risk,22.660882239645233,13397.219987310205,591.2046956350074,46.46778270026961,19715.91574634524,5,"Hyst+Salp: 40, Oophorectomy: 50",Two-Stage Approach,22.17024697683069,19380.175803647784,874.1524541382554,45.2958388623849,OC Lifetime Risk,50952.493803564386,"HSBO: 40, Survey: Never",Hyst-BSO: 40,33269.03888568479,31236.578057219147,17683.454917879593,13553.123139339554,37
210,MLH1,-5,ec lifetime risk,22.52710806242802,15544.763074988778,690.0469883622217,46.09190146634929,33267.892143550765,5,"Hyst+Salp: 40, Oophorectomy: 50",Two-Stage Approach,22.344646753391633,16694.827596021423,747.1511087319991,45.74539270518779,EC Lifetime Risk,33269.415937552236,"HSBO: 40, Survey: Never",Hyst-BSO: 40,33269.03888568479,1.5237940014703781,0.3770518674427876,1.1467421340275905,38
208,MSH2,-5,ec lifetime risk,22.298776244522674,9101.81914231399,408.1757241969591,46.740191486352,2880.421644508873,5,"HSBO: 40, Survey: Never",Hyst-BSO: 40,22.06241747806447,10892.357051988261,493.7064155738134,46.249233012575154,EC Lifetime Risk,6725.914686291743,"HSBO: 35, Survey: Never",Hyst-BSO: 35,5180.052301261716,3845.49304178287,1545.8623850300273,2299.6306567528427,38
204,PMS2,-5,ec lifetime risk,23.0680025540883,4233.853644456694,183.53793894939275,47.42124648233843,0.0,5,"HSBO: 50, Survey: Never",Hyst-BSO: 50,23.007712779718428,4736.522052334819,205.86670642507843,47.291613392043025,EC Lifetime Risk,0.0,,,194.0180752769104,0.0,-194.0180752769104,194.0180752769104,38
206,MSH6,-5,ec lifetime risk,22.593726166064236,14610.481544028507,646.6609994580461,46.27155493849088,20006.93215168494,5,"Hyst+Salp: 40, Oophorectomy: 50",Two-Stage Approach,21.51601541757719,21308.839032482687,990.3710616917826,44.28576245435441,EC Lifetime Risk,20008.15492506817,"HSBO: 40, Survey: Never",Hyst-BSO: 40,20007.99422322623,1.2227733832296508,0.16070184194177273,1.062071541287878,38
88,MLH1,0.76,local ec surv,22.408927353354027,15982.090357178138,713.2019353343139,45.76184005516716,33269.03888568422,0.98,"Hyst+Salp: 40, Oophorectomy: 50",Two-Stage Approach,22.48126650742945,15917.610986318263,708.0388901158182,46.024533374752124,Local EC Survival,33269.0388856819,"HSBO: 40, Survey: Never",Hyst-BSO: 40,33269.03888568479,2.321030478924513e-09,-2.8958311304450035e-09,5.748006515204906e-10,39
89,PMS2,0.76,local ec surv,23.02584099399919,4489.0614411075485,194.95754540637415,47.30341450421982,0.0,0.98,"HSBO: 50, Survey: Never",Hyst-BSO: 50,23.043454432430888,4464.536208897896,193.74422450370977,47.37395982717589,Local EC Survival,0.0,,,194.0180752769104,0.0,-194.0180752769104,194.0180752769104,39
90,MSH6,0.76,local ec surv,22.418974663562782,15359.943296253883,685.1313910095168,45.80749438091955,20007.994223226728,0.98,"Hyst+Salp: 40, Oophorectomy: 50",Two-Stage Approach,22.506447208151588,15282.007539242884,679.005771008936,46.12511095144022,Local EC Survival,20007.994223226473,"HSBO: 40, Survey: Never",Hyst-BSO: 40,20007.99422322623,2.546585164964199e-10,2.4374458007514477e-10,-4.984030965715647e-10,39
91,MSH2,0.76,local ec surv,22.155105819233775,9749.001895943016,440.0340930657844,46.32378264725664,6620.884354612281,0.98,"HSBO: 40, Survey: Never",Hyst-BSO: 40,22.24261498237998,9671.028828693015,434.79729502822187,46.64153680861402,Local EC Survival,4908.488192377029,"HSBO: 35, Survey: Never",Hyst-BSO: 35,5180.052301261716,1712.3961622352517,-271.5641088846869,-1440.8320533505648,39
150,MSH6,0.5519999999999999,regional ec surv,22.484163034149464,15302.830198570975,680.6048406306556,46.044903548053696,20007.994223226695,0.98,"Hyst+Salp: 40, Oophorectomy: 50",Two-Stage Approach,22.516191204016817,15282.756009961904,678.7451692644851,46.15506543458979,Regional EC Survival,20007.994223226473,"HSBO: 40, Survey: Never",Hyst-BSO: 40,20007.99422322623,2.219167072325945e-10,2.4374458007514477e-10,-4.656612873077393e-10,40
149,PMS2,0.5519999999999999,regional ec surv,23.03894621845962,4470.6688031233125,194.0483197769373,47.35614105053102,0.0,0.98,"HSBO: 50, Survey: Never",Hyst-BSO: 50,23.045713364553283,4463.4680756464995,193.67888531113036,47.38215080838102,Regional EC Survival,0.0,,,194.0180752769104,0.0,-194.0180752769104,194.0180752769104,40
148,MSH2,0.5519999999999999,regional ec surv,22.220321617441307,9691.861216780304,436.1710592511366,46.56129517326025,5273.827325050966,0.98,"HSBO: 40, Survey: Never",Hyst-BSO: 40,22.25236269064193,9671.777609267558,434.64048037177434,46.67150308684905,Regional EC Survival,4757.144120666392,"HSBO: 35, Survey: Never",Hyst-BSO: 35,5180.052301261716,516.6832043845734,-422.90818059532376,-93.77502378924964,40
151,MLH1,0.5519999999999999,regional ec surv,22.462838455946862,15934.837020416995,709.3866187778407,45.958198657059434,33269.03888568364,0.98,"Hyst+Salp: 40, Oophorectomy: 50",Two-Stage Approach,22.489322599047213,15918.229948377304,707.8127799657113,46.04930120019512,Regional EC Survival,33269.03888568481,"HSBO: 40, Survey: Never",Hyst-BSO: 40,33269.03888568479,1.1641532182693481e-09,1.4551915228366852e-11,1.1496013030409813e-09,40
178,PMS2,0.13440000000000002,distant ec surv,23.04026560309385,4470.2179384220735,194.01763918128668,47.36070186394719,0.0,0.2016,"HSBO: 50, Survey: Never",Hyst-BSO: 50,23.040349841536397,4470.253928769345,194.01849188550585,47.36101416144749,Distant EC Survival,0.0,,,194.0180752769104,0.0,-194.0180752769104,194.0180752769104,41
179,MSH6,0.13440000000000002,distant ec surv,22.489941264653133,15302.903490251761,680.43323502596,46.061905394574396,20007.99422322648,0.2016,"Hyst+Salp: 40, Oophorectomy: 50",Two-Stage Approach,22.49028541061314,15303.080514771551,680.4306942031978,46.06292866279678,Distant EC Survival,20007.994223226466,"HSBO: 40, Survey: Never",Hyst-BSO: 40,20007.99422322623,1.4551915228366852e-11,2.3646862246096134e-10,-2.510205376893282e-10,41
176,MLH1,0.13440000000000002,distant ec surv,22.467616799830058,15934.89670251476,709.2384049667114,45.972260527560344,33269.03888568479,0.2016,"Hyst+Salp: 40, Oophorectomy: 50",Two-Stage Approach,22.467901345129057,15935.043061221102,709.235936923666,45.97310673069089,Distant EC Survival,33269.03888568659,"HSBO: 40, Survey: Never",Hyst-BSO: 40,33269.03888568479,1.7971615307033062e-09,1.7971615307033062e-09,0.0,41
177,MSH2,0.13440000000000002,distant ec surv,22.226102230554474,9691.934378286614,436.060910624401,46.57830439154375,5182.612955764916,0.2016,"HSBO: 40, Survey: Never",Hyst-BSO: 40,22.22644651005969,9692.111470124173,436.06212381891646,46.579328082608086,Distant EC Survival,5177.473198822862,"HSBO: 35, Survey: Never",Hyst-BSO: 35,5180.052301261716,5.139756942053282,-2.5791024388536243,-2.5606545031996575,41
97,MLH1,0.7392000000000001,local oc surv,22.441079887563685,15870.659726756809,707.2146174013645,45.85571172707855,35406.2158128141,0.98,"Hyst+Salp: 40, Oophorectomy: 50",Two-Stage Approach,22.47918755865439,15948.412803682751,709.4746089941618,46.0254185149878,Local OC Survival,32449.561170034536,"HSBO: 40, Survey: Never",Hyst-BSO: 40,33269.03888568479,2956.6546427795656,-819.4777156502569,-2137.1769271293088,42
96,MSH6,0.7392000000000001,local oc surv,22.466678409433932,15240.383547221456,678.3549962072676,45.96208690222164,20526.30007609893,0.98,"Hyst+Salp: 40, Oophorectomy: 50",Two-Stage Approach,22.500295269825223,15317.931360326878,680.7880152963817,46.10849009926286,Local OC Survival,19795.660720043612,"HSBO: 40, Survey: Never",Hyst-BSO: 40,20007.99422322623,730.6393560553188,-212.33350318261728,-518.3058528727015,42
98,PMS2,0.7392000000000001,local oc surv,23.04030759354814,4470.236133088192,194.01807527691037,47.36085618160198,0.0,0.98,"HSBO: 50, Survey: Never",Hyst-BSO: 50,23.04030759354814,4470.236133088192,194.01807527691037,47.36085618160198,Local OC Survival,0.0,,,194.0180752769104,0.0,-194.0180752769104,194.0180752769104,42
99,MSH2,0.7392000000000001,local oc surv,22.210743568198183,9637.700876463876,433.9206765802898,46.517055494871876,5248.763991226638,0.98,"HSBO: 40, Survey: Never",Hyst-BSO: 40,22.233303318030337,9708.279332941922,436.6548323509304,46.60890975996174,Local OC Survival,5137.354355046751,"HSBO: 35, Survey: Never",Hyst-BSO: 35,5180.052301261716,111.40963617988655,-42.69794621496476,-68.71168996492179,42
137,MSH6,0.6016,regional oc surv,22.475207700145052,15237.940421343716,677.9888588635989,46.00601028828817,20423.99053680267,0.9024,"Hyst+Salp: 40, Oophorectomy: 50",Two-Stage Approach,22.513652731179622,15375.27910615994,682.9313434717059,46.16026657311722,Regional OC Survival,19368.81619074382,"HSBO: 40, Survey: Never",Hyst-BSO: 40,20007.99422322623,1055.1743460588514,-639.1780324824103,-415.996313576441,43
139,PMS2,0.6016,regional oc surv,23.04030759354814,4470.236133088192,194.01807527691037,47.36085618160198,0.0,0.9024,"HSBO: 50, Survey: Never",Hyst-BSO: 50,23.04030759354814,4470.236133088192,194.01807527691037,47.36085618160198,Regional OC Survival,0.0,,,194.0180752769104,0.0,-194.0180752769104,194.0180752769104,43
138,MLH1,0.6016,regional oc surv,22.451190204996834,15865.338004759462,706.6591062610304,45.908223190845845,34743.44522966991,0.9024,"Hyst+Salp: 40, Oophorectomy: 50",Two-Stage Approach,22.49358889087462,16008.821629229511,711.7059757291154,46.082401033521,Regional OC Survival,31211.902134265416,"HSBO: 40, Survey: Never",Hyst-BSO: 40,33269.03888568479,3531.543095404493,-2057.136751419377,-1474.406343985116,43
136,MSH2,0.6016,regional oc surv,22.218525749358367,9653.747774614349,434.4909236335418,46.55246952445868,5190.691974839963,0.9024,"HSBO: 40, Survey: Never",Hyst-BSO: 40,22.239078062738173,9740.519228696574,437.9911433926267,46.62805013921732,Regional OC Survival,5116.654483102057,"HSBO: 35, Survey: Never",Hyst-BSO: 35,5180.052301261716,74.03749173790584,-63.39781815965853,-10.639673578247312,43
173,MSH6,0.23359999999999997,distant oc surv,22.485330343843955,15267.790319100033,679.0111635286718,46.0447703844184,20116.019178597653,0.3504,"Hyst+Salp: 40, Oophorectomy: 50",Two-Stage Approach,22.495317463957324,15340.949682228114,681.9619108202339,46.08225486543038,Distant OC Survival,19891.51841474785,"HSBO: 40, Survey: Never",Hyst-BSO: 40,20007.99422322623,224.50076384980275,-116.4758084783789,-108.02495537142386,44
174,MSH2,0.23359999999999997,distant oc surv,22.223900494482457,9674.328369187588,435.3119008784907,46.571340984491826,5162.717000580733,0.3504,"HSBO: 40, Survey: Never",Hyst-BSO: 40,22.228859579435422,9711.253762667544,436.87593274698236,46.5872463571852,Distant OC Survival,5198.354427855585,"HSBO: 35, Survey: Never",Hyst-BSO: 35,5180.052301261716,35.63742727485169,18.302126593868707,17.335300680982982,44
172,MLH1,0.23359999999999997,distant oc surv,22.462370924908797,15895.453728122815,707.6480831547552,45.95203983852158,33694.35927594876,0.3504,"Hyst+Salp: 40, Oophorectomy: 50",Two-Stage Approach,22.473620179048893,15977.488189057844,710.9441230101819,45.99587431184248,Distant OC Survival,32819.89334190002,"HSBO: 40, Survey: Never",Hyst-BSO: 40,33269.03888568479,874.4659340487415,-449.14554378477624,-425.32039026396524,44
175,PMS2,0.23359999999999997,distant oc surv,23.04030759354814,4470.236133088192,194.01807527691037,47.36085618160198,0.0,0.3504,"HSBO: 50, Survey: Never",Hyst-BSO: 50,23.04030759354814,4470.236133088192,194.01807527691037,47.36085618160198,Distant OC Survival,0.0,,,194.0180752769104,0.0,-194.0180752769104,194.0180752769104,44
79,MSH6,1.0,risk ac death oc surg,22.49011284490286,15302.99217305454,680.4319870952892,46.0624107018831,20007.99422322623,1.4,"Hyst+Salp: 40, Oophorectomy: 50",Two-Stage Approach,22.49011284490286,15302.99217305454,680.4319870952892,46.0624107018831,RR for AC Death Post-Ooph,10979.271337905766,"HSBO: 40, Survey: Never",Hyst-BSO: 40,20007.99422322623,9028.722885320463,-9028.722885320463,0.0,45
76,MSH2,1.0,risk ac death oc surg,22.226273877355997,9692.023094856726,436.06153457556843,46.57880990767861,5180.052301261716,1.4,"HSBO: 40, Survey: Never",Hyst-BSO: 40,22.000811745790546,9692.023094856726,440.5302498309462,45.70418263440397,RR for AC Death Post-Ooph,4335.376118603703,"HSBO: 35, Survey: Never",Hyst-BSO: 35,5180.052301261716,844.6761826580132,-844.6761826580132,0.0,45
77,MLH1,1.0,risk ac death oc surg,22.467758664911482,15934.97002311972,709.2371900898954,45.972678397218566,33269.03888568479,1.4,"Hyst+Salp: 40, Oophorectomy: 50",Two-Stage Approach,22.467758664911482,15934.97002311972,709.2371900898954,45.972678397218566,RR for AC Death Post-Ooph,15613.410593222981,"HSBO: 40, Survey: Never",Hyst-BSO: 40,33269.03888568479,17655.628292461814,-17655.628292461814,0.0,45
78,PMS2,1.0,risk ac death oc surg,23.04030759354814,4470.236133088192,194.01807527691037,47.36085618160198,0.0,1.4,"HSBO: 50, Survey: Never",Hyst-BSO: 50,23.04030759354814,4470.236133088192,194.01807527691037,47.36085618160198,RR for AC Death Post-Ooph,0.0,,,194.0180752769104,0.0,-194.0180752769104,194.0180752769104,45
93,MSH2,0.75,risk oc tubal ligation,22.226273877355997,9692.023094856726,436.06153457556843,46.57880990767861,5180.052301261716,0.75,"HSBO: 40, Survey: Never",Hyst-BSO: 40,22.226273877355997,9692.023094856726,436.06153457556843,46.57880990767861,RR for OC Post-Ooph,5180.052301261716,"HSBO: 35, Survey: Never",Hyst-BSO: 35,5180.052301261716,0.0,0.0,0.0,46
92,MSH6,0.75,risk oc tubal ligation,22.533336477098825,14646.653107885888,649.9993075935131,46.18237517645317,15211.099047057465,0.75,"Hyst+Salp: 40, Oophorectomy: 50",Two-Stage Approach,22.533336477098825,14646.653107885888,649.9993075935131,46.18237517645317,RR for OC Post-Ooph,15211.099047057465,"HSBO: 40, Survey: Never",Hyst-BSO: 40,20007.99422322623,0.0,-4796.895176168764,4796.895176168764,46
94,MLH1,0.75,risk oc tubal ligation,22.529884945587813,14992.218525044447,665.4369767645209,46.14509539725353,21814.199399045898,0.75,"Hyst+Salp: 40, Oophorectomy: 50",Two-Stage Approach,22.529884945587813,14992.218525044447,665.4369767645209,46.14509539725353,RR for OC Post-Ooph,21814.199399045898,"HSBO: 40, Survey: Never",Hyst-BSO: 40,33269.03888568479,0.0,-11454.839486638895,11454.839486638895,46
95,PMS2,0.75,risk oc tubal ligation,23.04030759354814,4470.236133088192,194.01807527691037,47.36085618160198,0.0,0.75,"HSBO: 50, Survey: Never",Hyst-BSO: 50,23.04030759354814,4470.236133088192,194.01807527691037,47.36085618160198,RR for OC Post-Ooph,0.0,,,194.0180752769104,0.0,-194.0180752769104,194.0180752769104,46
145,MLH1,0.574,ec stage dist nat hist,22.454774169549438,15977.239468112224,711.5297329411001,45.9261085883504,33269.03888568479,0.866,"Hyst+Salp: 40, Oophorectomy: 50",Two-Stage Approach,22.484294980755024,15872.289567995722,705.9278301401616,46.02526761419274,Prob Early-Stage EC Nat Hist,33269.038885681875,"HSBO: 40, Survey: Never",Hyst-BSO: 40,33269.03888568479,2.9176590032875538e-09,-2.9176590032875538e-09,0.0,47
146,MSH6,0.574,ec stage dist nat hist,22.47440685613251,15354.112522836578,683.1821022518758,46.00608497053217,20007.99422322595,0.866,"Hyst+Salp: 40, Oophorectomy: 50",Two-Stage Approach,22.510114686717742,15227.185436786902,676.4597003929,46.12601504132212,Prob Early-Stage EC Nat Hist,20007.99422322698,"HSBO: 40, Survey: Never",Hyst-BSO: 40,20007.99422322623,1.0295480024069548e-09,7.494236342608929e-10,2.801243681460619e-10,47
147,MSH2,0.574,ec stage dist nat hist,22.21056204708537,9743.163686350676,438.6725408251991,46.52246252518505,5630.711448032834,0.866,"HSBO: 40, Survey: Never",Hyst-BSO: 40,22.24628321758093,9616.186551526494,432.2603671577351,46.64243895476442,Prob Early-Stage EC Nat Hist,4631.930689482554,"HSBO: 35, Survey: Never",Hyst-BSO: 35,5180.052301261716,998.7807585502796,-548.1216117791619,-450.6591467711178,47
144,PMS2,0.574,ec stage dist nat hist,23.036972213801366,4484.328405546053,194.6578901049986,47.347535762675236,0.0,0.866,"HSBO: 50, Survey: Never",Hyst-BSO: 50,23.044731842473023,4449.775861215636,193.0929763745132,47.3766509418907,Prob Early-Stage EC Nat Hist,0.0,,,194.0180752769104,0.0,-194.0180752769104,194.0180752769104,47
118,MSH2,0.72,ec stage dist intervention,22.224870392757023,9697.900517660959,436.35352406021036,46.57358698240921,5160.401313992153,0.98,"HSBO: 40, Survey: Never",Hyst-BSO: 40,22.22742002187893,9687.283651723374,435.8258242381694,46.58313517714939,Prob Early-Stage EC Intervention,5196.2483544377,"HSBO: 35, Survey: Never",Hyst-BSO: 35,5180.052301261716,35.847040445547464,16.19605317598416,19.650987269563302,48
116,MSH6,0.72,ec stage dist intervention,22.488710656089335,15308.864169451595,680.7355211938915,46.05719259874749,20007.994223225436,0.98,"Hyst+Salp: 40, Oophorectomy: 50",Two-Stage Approach,22.491257931232933,15298.257105673803,680.1868153594723,46.06673197799247,Prob Early-Stage EC Intervention,20007.994223226207,"HSBO: 40, Survey: Never",Hyst-BSO: 40,20007.99422322623,7.712515071034431e-10,-2.1827872842550278e-11,7.930793799459934e-10,48
117,PMS2,0.72,ec stage dist intervention,23.040138779349036,4471.312988761989,194.06623508577317,47.360113754373565,0.0,0.98,"HSBO: 50, Survey: Never",Hyst-BSO: 50,23.040443805310115,4469.365940914888,193.9791602401702,47.361463562663765,Prob Early-Stage EC Intervention,0.0,,,194.0180752769104,0.0,-194.0180752769104,194.0180752769104,48
152,MSH2,0.5,oc stage dist screening,22.226273877355997,9692.023094856726,436.06153457556843,46.57880990767861,5180.052301261716,0.98,"HSBO: 40, Survey: Never",Hyst-BSO: 40,22.226273877355997,9692.023094856726,436.06153457556843,46.57880990767861,Prob Early-Stage OC Surveillance,5180.052301261716,"HSBO: 35, Survey: Never",Hyst-BSO: 35,5180.052301261716,0.0,0.0,0.0,48
155,PMS2,0.5,oc stage dist screening,23.04030759354814,4470.236133088192,194.01807527691037,47.36085618160198,0.0,0.98,"HSBO: 50, Survey: Never",Hyst-BSO: 50,23.04030759354814,4470.236133088192,194.01807527691037,47.36085618160198,Prob Early-Stage OC Surveillance,0.0,,,194.0180752769104,0.0,-194.0180752769104,194.0180752769104,48
154,MLH1,0.5,oc stage dist screening,22.467758664911482,15934.97002311972,709.2371900898954,45.972678397218566,33269.03888568479,0.98,"Hyst+Salp: 40, Oophorectomy: 50",Two-Stage Approach,22.467758664911482,15934.97002311972,709.2371900898954,45.972678397218566,Prob Early-Stage OC Surveillance,33269.03888568479,"HSBO: 40, Survey: Never",Hyst-BSO: 40,33269.03888568479,0.0,0.0,0.0,48
153,MSH6,0.5,oc stage dist screening,22.49011284490286,15302.99217305454,680.4319870952892,46.0624107018831,20007.99422322623,0.98,"Hyst+Salp: 40, Oophorectomy: 50",Two-Stage Approach,22.49011284490286,15302.99217305454,680.4319870952892,46.0624107018831,Prob Early-Stage OC Surveillance,20007.99422322623,"HSBO: 40, Survey: Never",Hyst-BSO: 40,20007.99422322623,0.0,0.0,0.0,48
119,MLH1,0.72,ec stage dist intervention,22.46659496563578,15939.843288323566,709.4908379620795,45.96834780865529,33269.038885684255,0.98,"Hyst+Salp: 40, Oophorectomy: 50",Two-Stage Approach,22.468708990659394,15931.040313776595,709.0322955537582,45.97626469446336,Prob Early-Stage EC Intervention,33269.03888568429,"HSBO: 40, Survey: Never",Hyst-BSO: 40,33269.03888568479,3.637978807091713e-11,-5.020410753786564e-10,5.384208634495735e-10,48
140,MSH6,0.6,oc stage dist intervention,22.488867423272843,15309.180333438342,680.744834557363,46.0567031492542,19981.209677231967,0.85,"Hyst+Salp: 40, Oophorectomy: 50",Two-Stage Approach,22.490511848195084,15301.193354815736,680.3399343729784,46.064184669865455,Prob Early-Stage OC Intervention,20015.761199720557,"HSBO: 40, Survey: Never",Hyst-BSO: 40,20007.99422322623,34.5515224885894,7.766976494327537,26.784545994261862,49
141,PMS2,0.6,oc stage dist intervention,23.04030759354814,4470.236133088192,194.01807527691037,47.36085618160198,0.0,0.85,"HSBO: 50, Survey: Never",Hyst-BSO: 50,23.04030759354814,4470.236133088192,194.01807527691037,47.36085618160198,Prob Early-Stage OC Intervention,0.0,,,194.0180752769104,0.0,-194.0180752769104,194.0180752769104,49
142,MSH2,0.6,oc stage dist intervention,22.224566369152264,9694.66133788206,436.2137454946373,46.572222309206296,5172.08792902943,0.85,"HSBO: 40, Survey: Never",Hyst-BSO: 40,22.22680619177096,9691.27793952355,436.0175661724875,46.58079000577012,Prob Early-Stage OC Intervention,5182.573251279809,"HSBO: 35, Survey: Never",Hyst-BSO: 35,5180.052301261716,10.485322250378886,2.5209500180926625,7.964372232286223,49
143,MLH1,0.6,oc stage dist intervention,22.46597291481825,15943.842928259694,709.6885137675632,45.964494612391334,33338.86271281321,0.85,"Hyst+Salp: 40, Oophorectomy: 50",Two-Stage Approach,22.468330776515387,15932.390784281835,709.104336354834,45.975222004470595,Prob Early-Stage OC Intervention,33245.33087328409,"HSBO: 40, Survey: Never",Hyst-BSO: 40,33269.03888568479,93.53183952911786,-23.70801240070432,-69.82382712841354,49
183,MSH2,0.08,oc stage dist nat hist,22.21108968205607,9698.315291186404,436.64293062674426,46.53111686072836,5480.034387490673,0.2,"HSBO: 40, Survey: Never",Hyst-BSO: 40,22.23916522925059,9687.375400874433,435.5997763860705,46.617260259608216,Prob Early-Stage OC Nat Hist,4950.2512509675,"HSBO: 35, Survey: Never",Hyst-BSO: 35,5180.052301261716,529.7831365231732,-229.8010502942161,-299.9820862289571,50
182,MSH6,0.08,oc stage dist nat hist,22.460640705810707,15338.861234678867,682.9218024359656,45.96043825257876,21165.651644978996,0.2,"Hyst+Salp: 40, Oophorectomy: 50",Two-Stage Approach,22.515384354522894,15275.807504359438,678.460880961636,46.146141016812294,Prob Early-Stage OC Nat Hist,19103.902934943766,"HSBO: 40, Survey: Never",Hyst-BSO: 40,20007.99422322623,2061.74871003523,-904.0912882824632,-1157.6574217527668,50
180,MLH1,0.08,oc stage dist nat hist,22.435087449519134,15982.026168215467,712.367455851304,45.85678910130186,36946.344519343525,0.2,"Hyst+Salp: 40, Oophorectomy: 50",Two-Stage Approach,22.495849751304295,15899.222719739808,706.7624871035592,46.06826019852379,Prob Early-Stage OC Nat Hist,30615.87880337645,"HSBO: 40, Survey: Never",Hyst-BSO: 40,33269.03888568479,6330.465715967075,-2653.1600823083427,-3677.3056336587324,50
181,PMS2,0.08,oc stage dist nat hist,23.04030759354814,4470.236133088192,194.01807527691037,47.36085618160198,0.0,0.2,"HSBO: 50, Survey: Never",Hyst-BSO: 50,23.04030759354814,4470.236133088192,194.01807527691037,47.36085618160198,Prob Early-Stage OC Nat Hist,0.0,,,194.0180752769104,0.0,-194.0180752769104,194.0180752769104,50
196,MLH1,0.01,surgical complications,22.459600154427847,15771.069286429118,702.1972420697746,45.93397047533678,34391.16880716091,0.044,"Hyst+Salp: 40, Oophorectomy: 50",Two-Stage Approach,22.47343737631187,16049.039320867067,714.1337149333265,45.99962038599805,Prob Complications,32541.60974844217,"HSBO: 40, Survey: Never",Hyst-BSO: 40,33269.03888568479,1849.5590587187398,-727.4291372426233,-1122.1299214761166,51
197,MSH2,0.01,surgical complications,22.22646958421705,9590.918368655117,431.50885174610005,46.57880990767861,5304.9305038129505,0.044,"HSBO: 40, Survey: Never",Hyst-BSO: 40,22.226137683496923,9762.382625216116,439.2298277025774,46.57880990767861,Prob Complications,5093.183889593148,"HSBO: 35, Survey: Never",Hyst-BSO: 35,5180.052301261716,211.74661421980272,-86.86841166856811,-124.87820255123461,51
198,MSH6,0.01,surgical complications,22.48210801974322,15136.716394593768,673.278341216984,46.024071642561566,20379.88851220705,0.044,"Hyst+Salp: 40, Oophorectomy: 50",Two-Stage Approach,22.495684343510298,15418.712089687053,685.4075588118369,46.0890948830162,Prob Complications,19762.02713194017,"HSBO: 40, Survey: Never",Hyst-BSO: 40,20007.99422322623,617.8613802668806,-245.96709128606017,-371.8942889808204,51
199,PMS2,0.01,surgical complications,23.0404522679383,4393.777272720851,190.69839522355932,47.36085618160198,0.0,0.044,"HSBO: 50, Survey: Never",Hyst-BSO: 50,23.040206913564823,4523.444422249006,196.32828989855327,47.36085618160198,Prob Complications,0.0,,,194.0180752769104,0.0,-194.0180752769104,194.0180752769104,51
