gene,strategy,total QALYs,total QALYs disc,total LE,healthy,HSBO total,hysterectomy total,HSBO false positive,total disc cost,total cost,OC incidence,OC death,EC incidence,EC death,Cancer Incidence,Cancer Mortality,HSBO death comps,lifetime ec risk,lifetime oc risk,lifetime total risk,changed param,param value
MLH1,"HSBO: 40, Survey: Never",40.79244677112582,22.272397823325196,46.675395000461144,0.0,0.9496628970807018,0.0,0.0,8374.053299372994,13302.862514733419,0.019699110521807492,0.016561680234250423,0.0187055991075024,0.008887985711154069,0.038404709629309884,0.02544966594540449,0.0016228440892110108,0.37,0.12,0.49,U init HSBO,0.015
MLH1,"Hyst+Salp: 40, Oophorectomy: 50",41.13131065827262,22.556026548720855,46.207562876854595,0.0,0.8760799498300502,0.04749301336774374,0.0,13178.357514181027,23291.598577558307,0.04578904440471584,0.03802621636530136,0.0187055991075024,0.008887985711154069,0.06449464351221823,0.046914202076455434,0.0015446305014221306,0.37,0.12,0.49,U init HSBO,0.015
MSH2,"HSBO: 40, Survey: Never",40.69310407116797,22.231493468963674,46.57880990767861,0.0,0.9438427875400934,0.0,0.0,8722.309231542127,13886.415203337443,0.021629527416283524,0.018187060641255325,0.022623056632530204,0.01075058128058431,0.04425258404881373,0.028937641921839632,0.0016138904728619564,0.489,0.174,0.6629999999999999,U init HSBO,0.015
MSH2,"Hyst+Salp: 40, Oophorectomy: 50",40.542861582429715,22.338308637185385,45.62769476961987,0.0,0.8446470507106429,0.046187611344773005,0.0,15651.841278733742,28292.52029297344,0.07463765290096136,0.06120114727595315,0.022623056632530204,0.01075058128058431,0.09726070953349156,0.07195172855653746,0.0014938889298710231,0.489,0.174,0.6629999999999999,U init HSBO,0.015
MSH6,"HSBO: 40, Survey: Never",40.66924836450106,22.221437815767743,46.55363832871804,0.0,0.9428745626783764,0.0,0.0,8828.759779624597,14057.323622967335,0.022612716695639447,0.019014190968566082,0.022612716695639447,0.010745869757923259,0.045225433391278894,0.02976006072648934,0.001612400427456817,0.42100000000000004,0.11800000000000001,0.5389999999999999,U init HSBO,0.015
MSH6,"Hyst+Salp: 40, Oophorectomy: 50",41.14394700691185,22.552604878539412,46.2257541084722,0.0,0.8773780745668894,0.04744820130387981,0.0,12975.726847285667,22669.32481489357,0.04066100350324703,0.03416381384873168,0.022612716695639447,0.010745869757923259,0.06327372019888647,0.04490968360665494,0.0015455380324381634,0.42100000000000004,0.11800000000000001,0.5389999999999999,U init HSBO,0.015
PMS2,"HSBO: 50, Survey: Never",42.323657757583405,23.04417559983882,47.36085618160198,0.0,0.9615222537047986,0.0,0.0,4256.433357214619,8900.955178386726,0.0,0.0,0.006789517384453046,0.0029204608177456704,0.006789517384453046,0.0029204608177456704,0.0016402221332388663,0.1278,0.04,0.1678,U init HSBO,0.015
PMS2,Nat Hist,41.56929387660047,22.823404539627738,46.75663310976222,0.6379460089735569,0.0,0.0,0.0,3829.402081877061,10923.091399544839,0.035257628024046916,0.02521496405110664,0.11499766073335005,0.033166795679711814,0.15025528875739694,0.05838175973081845,0.0,0.1278,0.04,0.1678,U init HSBO,0.015
MLH1,"HSBO: 40, Survey: Never",40.77608224225855,22.261894054958223,46.675395000461144,0.0,0.9496628970807018,0.0,0.0,8374.053299372994,13302.862514733419,0.019699110521807492,0.016561680234250423,0.0187055991075024,0.008887985711154069,0.038404709629309884,0.02544966594540449,0.0016228440892110108,0.37,0.12,0.49,U init HSBO,0.035
MLH1,"Hyst+Salp: 40, Oophorectomy: 50",41.1160937437163,22.548758865581778,46.207562876854595,0.0,0.8760799498300502,0.04749301336774374,0.0,13178.357514181027,23291.598577558307,0.04578904440471584,0.03802621636530136,0.0187055991075024,0.008887985711154069,0.06449464351221823,0.046914202076455434,0.0015446305014221306,0.37,0.12,0.49,U init HSBO,0.035
MSH2,"HSBO: 40, Survey: Never",40.67684016386253,22.221054285748316,46.57880990767861,0.0,0.9438427875400934,0.0,0.0,8722.309231542127,13886.415203337443,0.021629527416283524,0.018187060641255325,0.022623056632530204,0.01075058128058431,0.04425258404881373,0.028937641921839632,0.0016138904728619564,0.489,0.174,0.6629999999999999,U init HSBO,0.035
MSH2,"Hyst+Salp: 40, Oophorectomy: 50",40.52819071741473,22.33130175034834,45.62769476961987,0.0,0.8446470507106429,0.046187611344773005,0.0,15651.841278733742,28292.52029297344,0.07463765290096136,0.06120114727595315,0.022623056632530204,0.01075058128058431,0.09726070953349156,0.07195172855653746,0.0014938889298710231,0.489,0.174,0.6629999999999999,U init HSBO,0.035
MSH6,"HSBO: 40, Survey: Never",40.65300119627278,22.21100937672906,46.55363832871804,0.0,0.9428745626783764,0.0,0.0,8828.759779624597,14057.323622967335,0.022612716695639447,0.019014190968566082,0.022612716695639447,0.010745869757923259,0.045225433391278894,0.02976006072648934,0.001612400427456817,0.42100000000000004,0.11800000000000001,0.5389999999999999,U init HSBO,0.035
MSH6,"Hyst+Salp: 40, Oophorectomy: 50",41.12870752077615,22.54532641508832,46.2257541084722,0.0,0.8773780745668894,0.04744820130387981,0.0,12975.726847285667,22669.32481489357,0.04066100350324703,0.03416381384873168,0.022612716695639447,0.010745869757923259,0.06327372019888647,0.04490968360665494,0.0015455380324381634,0.42100000000000004,0.11800000000000001,0.5389999999999999,U init HSBO,0.035
PMS2,"HSBO: 50, Survey: Never",42.307460265177035,23.036439587257462,47.36085618160198,0.0,0.9615222537047986,0.0,0.0,4256.433357214619,8900.955178386726,0.0,0.0,0.006789517384453046,0.0029204608177456704,0.006789517384453046,0.0029204608177456704,0.0016402221332388663,0.1278,0.04,0.1678,U init HSBO,0.035
PMS2,Nat Hist,41.56929387660047,22.823404539627738,46.75663310976222,0.6379460089735569,0.0,0.0,0.0,3829.402081877061,10923.091399544839,0.035257628024046916,0.02521496405110664,0.11499766073335005,0.033166795679711814,0.15025528875739694,0.05838175973081845,0.0,0.1278,0.04,0.1678,U init HSBO,0.035
MLH1,"HSBO: 40, Survey: Never",40.78426450669218,22.26714593914171,46.675395000461144,0.0,0.9496628970807018,0.0,0.0,8374.053299372994,13302.862514733419,0.019699110521807492,0.016561680234250423,0.0187055991075024,0.008887985711154069,0.038404709629309884,0.02544966594540449,0.0016228440892110108,0.37,0.12,0.49,U init hysterectomy,0.015
MLH1,"Hyst+Salp: 40, Oophorectomy: 50",41.13188446542809,22.557644591334803,46.207562876854595,0.0,0.8760799498300502,0.04749301336774374,0.0,13178.357514181027,23291.598577558307,0.04578904440471584,0.03802621636530136,0.0187055991075024,0.008887985711154069,0.06449464351221823,0.046914202076455434,0.0015446305014221306,0.37,0.12,0.49,U init hysterectomy,0.015
MSH2,"HSBO: 40, Survey: Never",40.68497211751525,22.226273877355997,46.57880990767861,0.0,0.9438427875400934,0.0,0.0,8722.309231542127,13886.415203337443,0.021629527416283524,0.018187060641255325,0.022623056632530204,0.01075058128058431,0.04425258404881373,0.028937641921839632,0.0016138904728619564,0.489,0.174,0.6629999999999999,U init hysterectomy,0.015
MSH2,"Hyst+Salp: 40, Oophorectomy: 50",40.54365810357495,22.340024785374542,45.62769476961987,0.0,0.8446470507106429,0.046187611344773005,0.0,15651.841278733742,28292.52029297344,0.07463765290096136,0.06120114727595315,0.022623056632530204,0.01075058128058431,0.09726070953349156,0.07195172855653746,0.0014938889298710231,0.489,0.174,0.6629999999999999,U init hysterectomy,0.015
MSH6,"HSBO: 40, Survey: Never",40.66112478038692,22.2162235962484,46.55363832871804,0.0,0.9428745626783764,0.0,0.0,8828.759779624597,14057.323622967335,0.022612716695639447,0.019014190968566082,0.022612716695639447,0.010745869757923259,0.045225433391278894,0.02976006072648934,0.001612400427456817,0.42100000000000004,0.11800000000000001,0.5389999999999999,U init hysterectomy,0.015
MSH6,"Hyst+Salp: 40, Oophorectomy: 50",41.14445084795815,22.554179866333207,46.2257541084722,0.0,0.8773780745668894,0.04744820130387981,0.0,12975.726847285667,22669.32481489357,0.04066100350324703,0.03416381384873168,0.022612716695639447,0.010745869757923259,0.06327372019888647,0.04490968360665494,0.0015455380324381634,0.42100000000000004,0.11800000000000001,0.5389999999999999,U init hysterectomy,0.015
PMS2,"HSBO: 50, Survey: Never",42.31555901138022,23.04030759354814,47.36085618160198,0.0,0.9615222537047986,0.0,0.0,4256.433357214619,8900.955178386726,0.0,0.0,0.006789517384453046,0.0029204608177456704,0.006789517384453046,0.0029204608177456704,0.0016402221332388663,0.1278,0.04,0.1678,U init hysterectomy,0.015
PMS2,Nat Hist,41.56929387660047,22.823404539627738,46.75663310976222,0.6379460089735569,0.0,0.0,0.0,3829.402081877061,10923.091399544839,0.035257628024046916,0.02521496405110664,0.11499766073335005,0.033166795679711814,0.15025528875739694,0.05838175973081845,0.0,0.1278,0.04,0.1678,U init hysterectomy,0.015
MLH1,"HSBO: 40, Survey: Never",40.78426450669218,22.26714593914171,46.675395000461144,0.0,0.9496628970807018,0.0,0.0,8374.053299372994,13302.862514733419,0.019699110521807492,0.016561680234250423,0.0187055991075024,0.008887985711154069,0.038404709629309884,0.02544966594540449,0.0016228440892110108,0.37,0.12,0.49,U init hysterectomy,0.035
MLH1,"Hyst+Salp: 40, Oophorectomy: 50",41.11551993656082,22.54714082296783,46.207562876854595,0.0,0.8760799498300502,0.04749301336774374,0.0,13178.357514181027,23291.598577558307,0.04578904440471584,0.03802621636530136,0.0187055991075024,0.008887985711154069,0.06449464351221823,0.046914202076455434,0.0015446305014221306,0.37,0.12,0.49,U init hysterectomy,0.035
MSH2,"HSBO: 40, Survey: Never",40.68497211751525,22.226273877355997,46.57880990767861,0.0,0.9438427875400934,0.0,0.0,8722.309231542127,13886.415203337443,0.021629527416283524,0.018187060641255325,0.022623056632530204,0.01075058128058431,0.04425258404881373,0.028937641921839632,0.0016138904728619564,0.489,0.174,0.6629999999999999,U init hysterectomy,0.035
MSH2,"Hyst+Salp: 40, Oophorectomy: 50",40.5273941962695,22.329585602159185,45.62769476961987,0.0,0.8446470507106429,0.046187611344773005,0.0,15651.841278733742,28292.52029297344,0.07463765290096136,0.06120114727595315,0.022623056632530204,0.01075058128058431,0.09726070953349156,0.07195172855653746,0.0014938889298710231,0.489,0.174,0.6629999999999999,U init hysterectomy,0.035
MSH6,"HSBO: 40, Survey: Never",40.66112478038692,22.2162235962484,46.55363832871804,0.0,0.9428745626783764,0.0,0.0,8828.759779624597,14057.323622967335,0.022612716695639447,0.019014190968566082,0.022612716695639447,0.010745869757923259,0.045225433391278894,0.02976006072648934,0.001612400427456817,0.42100000000000004,0.11800000000000001,0.5389999999999999,U init hysterectomy,0.035
MSH6,"Hyst+Salp: 40, Oophorectomy: 50",41.12820367972987,22.543751427294524,46.2257541084722,0.0,0.8773780745668894,0.04744820130387981,0.0,12975.726847285667,22669.32481489357,0.04066100350324703,0.03416381384873168,0.022612716695639447,0.010745869757923259,0.06327372019888647,0.04490968360665494,0.0015455380324381634,0.42100000000000004,0.11800000000000001,0.5389999999999999,U init hysterectomy,0.035
PMS2,"HSBO: 50, Survey: Never",42.31555901138022,23.04030759354814,47.36085618160198,0.0,0.9615222537047986,0.0,0.0,4256.433357214619,8900.955178386726,0.0,0.0,0.006789517384453046,0.0029204608177456704,0.006789517384453046,0.0029204608177456704,0.0016402221332388663,0.1278,0.04,0.1678,U init hysterectomy,0.035
PMS2,Nat Hist,41.56929387660047,22.823404539627738,46.75663310976222,0.6379460089735569,0.0,0.0,0.0,3829.402081877061,10923.091399544839,0.035257628024046916,0.02521496405110664,0.11499766073335005,0.033166795679711814,0.15025528875739694,0.05838175973081845,0.0,0.1278,0.04,0.1678,U init hysterectomy,0.035
MLH1,"HSBO: 40, Survey: Never",40.78451979873017,22.267309801386368,46.675395000461144,0.0,0.9496628970807018,0.0,0.0,8374.053299372994,13302.862514733419,0.019699110521807492,0.016561680234250423,0.0187055991075024,0.008887985711154069,0.038404709629309884,0.02544966594540449,0.0016228440892110108,0.37,0.12,0.49,U surgical comps,0.033
MLH1,"Hyst+Salp: 40, Oophorectomy: 50",41.12419502076595,22.552670013964356,46.207562876854595,0.0,0.8760799498300502,0.04749301336774374,0.0,13178.357514181027,23291.598577558307,0.04578904440471584,0.03802621636530136,0.0187055991075024,0.008887985711154069,0.06449464351221823,0.046914202076455434,0.0015446305014221306,0.37,0.12,0.49,U surgical comps,0.033
MSH2,"HSBO: 40, Survey: Never",40.68522600104642,22.226436835533725,46.57880990767861,0.0,0.9438427875400934,0.0,0.0,8722.309231542127,13886.415203337443,0.021629527416283524,0.018187060641255325,0.022623056632530204,0.01075058128058431,0.04425258404881373,0.028937641921839632,0.0016138904728619564,0.489,0.174,0.6629999999999999,U surgical comps,0.033
MSH2,"Hyst+Salp: 40, Oophorectomy: 50",40.53600975833019,22.335077869825145,45.62769476961987,0.0,0.8446470507106429,0.046187611344773005,0.0,15651.841278733742,28292.52029297344,0.07463765290096136,0.06120114727595315,0.022623056632530204,0.01075058128058431,0.09726070953349156,0.07195172855653746,0.0014938889298710231,0.489,0.174,0.6629999999999999,U surgical comps,0.033
MSH6,"HSBO: 40, Survey: Never",40.661378429516816,22.21638640397287,46.55363832871804,0.0,0.9428745626783764,0.0,0.0,8828.759779624597,14057.323622967335,0.022612716695639447,0.019014190968566082,0.022612716695639447,0.010745869757923259,0.045225433391278894,0.02976006072648934,0.001612400427456817,0.42100000000000004,0.11800000000000001,0.5389999999999999,U surgical comps,0.033
MSH6,"Hyst+Salp: 40, Oophorectomy: 50",41.13681858026427,22.549241965759848,46.2257541084722,0.0,0.8773780745668894,0.04744820130387981,0.0,12975.726847285667,22669.32481489357,0.04066100350324703,0.03416381384873168,0.022612716695639447,0.010745869757923259,0.06327372019888647,0.04490968360665494,0.0015455380324381634,0.42100000000000004,0.11800000000000001,0.5389999999999999,U surgical comps,0.033
PMS2,"HSBO: 50, Survey: Never",42.31581123885171,23.040428058793243,47.36085618160198,0.0,0.9615222537047986,0.0,0.0,4256.433357214619,8900.955178386726,0.0,0.0,0.006789517384453046,0.0029204608177456704,0.006789517384453046,0.0029204608177456704,0.0016402221332388663,0.1278,0.04,0.1678,U surgical comps,0.033
PMS2,Nat Hist,41.56929387660047,22.823404539627738,46.75663310976222,0.6379460089735569,0.0,0.0,0.0,3829.402081877061,10923.091399544839,0.035257628024046916,0.02521496405110664,0.11499766073335005,0.033166795679711814,0.15025528875739694,0.05838175973081845,0.0,0.1278,0.04,0.1678,U surgical comps,0.033
MLH1,"HSBO: 40, Survey: Never",40.78400921465419,22.266982076897047,46.675395000461144,0.0,0.9496628970807018,0.0,0.0,8374.053299372994,13302.862514733419,0.019699110521807492,0.016561680234250423,0.0187055991075024,0.008887985711154069,0.038404709629309884,0.02544966594540449,0.0016228440892110108,0.37,0.12,0.49,U surgical comps,0.053
MLH1,"Hyst+Salp: 40, Oophorectomy: 50",41.123209381222956,22.55211540033828,46.207562876854595,0.0,0.8760799498300502,0.04749301336774374,0.0,13178.357514181027,23291.598577558307,0.04578904440471584,0.03802621636530136,0.0187055991075024,0.008887985711154069,0.06449464351221823,0.046914202076455434,0.0015446305014221306,0.37,0.12,0.49,U surgical comps,0.053
MSH2,"HSBO: 40, Survey: Never",40.68471823398408,22.226110919178264,46.57880990767861,0.0,0.9438427875400934,0.0,0.0,8722.309231542127,13886.415203337443,0.021629527416283524,0.018187060641255325,0.022623056632530204,0.01075058128058431,0.04425258404881373,0.028937641921839632,0.0016138904728619564,0.489,0.174,0.6629999999999999,U surgical comps,0.053
MSH2,"Hyst+Salp: 40, Oophorectomy: 50",40.535042541514265,22.33453251770858,45.62769476961987,0.0,0.8446470507106429,0.046187611344773005,0.0,15651.841278733742,28292.52029297344,0.07463765290096136,0.06120114727595315,0.022623056632530204,0.01075058128058431,0.09726070953349156,0.07195172855653746,0.0014938889298710231,0.489,0.174,0.6629999999999999,U surgical comps,0.053
MSH6,"HSBO: 40, Survey: Never",40.660871131257025,22.21606078852393,46.55363832871804,0.0,0.9428745626783764,0.0,0.0,8828.759779624597,14057.323622967335,0.022612716695639447,0.019014190968566082,0.022612716695639447,0.010745869757923259,0.045225433391278894,0.02976006072648934,0.001612400427456817,0.42100000000000004,0.11800000000000001,0.5389999999999999,U surgical comps,0.053
MSH6,"Hyst+Salp: 40, Oophorectomy: 50",41.135835947423736,22.548689327867883,46.2257541084722,0.0,0.8773780745668894,0.04744820130387981,0.0,12975.726847285667,22669.32481489357,0.04066100350324703,0.03416381384873168,0.022612716695639447,0.010745869757923259,0.06327372019888647,0.04490968360665494,0.0015455380324381634,0.42100000000000004,0.11800000000000001,0.5389999999999999,U surgical comps,0.053
PMS2,"HSBO: 50, Survey: Never",42.31530678390873,23.040187128303035,47.36085618160198,0.0,0.9615222537047986,0.0,0.0,4256.433357214619,8900.955178386726,0.0,0.0,0.006789517384453046,0.0029204608177456704,0.006789517384453046,0.0029204608177456704,0.0016402221332388663,0.1278,0.04,0.1678,U surgical comps,0.053
PMS2,Nat Hist,41.56929387660047,22.823404539627738,46.75663310976222,0.6379460089735569,0.0,0.0,0.0,3829.402081877061,10923.091399544839,0.035257628024046916,0.02521496405110664,0.11499766073335005,0.033166795679711814,0.15025528875739694,0.05838175973081845,0.0,0.1278,0.04,0.1678,U surgical comps,0.053
MLH1,"HSBO: 40, Survey: Never",40.45306918364357,22.08012725924932,46.675395000461144,0.0,0.9496628970807018,0.0,0.0,8374.053299372994,13302.862514733419,0.019699110521807492,0.016561680234250423,0.0187055991075024,0.008887985711154069,0.038404709629309884,0.02544966594540449,0.0016228440892110108,0.37,0.12,0.49,U HSBO,0.86
MLH1,"Hyst+Salp: 40, Oophorectomy: 50",41.122681032842486,22.551737258172675,46.207562876854595,0.0,0.8760799498300502,0.04749301336774374,0.0,13178.357514181027,23291.598577558307,0.04578904440471584,0.03802621636530136,0.0187055991075024,0.008887985711154069,0.06449464351221823,0.046914202076455434,0.0015446305014221306,0.37,0.12,0.49,U HSBO,0.86
MSH2,"HSBO: 40, Survey: Never",40.355806906651814,22.04040155695145,46.57880990767861,0.0,0.9438427875400934,0.0,0.0,8722.309231542127,13886.415203337443,0.021629527416283524,0.018187060641255325,0.022623056632530204,0.01075058128058431,0.04425258404881373,0.028937641921839632,0.0016138904728619564,0.489,0.174,0.6629999999999999,U HSBO,0.86
MSH2,"Hyst+Salp: 40, Oophorectomy: 50",40.53451061579753,22.33415336105594,45.62769476961987,0.0,0.8446470507106429,0.046187611344773005,0.0,15651.841278733742,28292.52029297344,0.07463765290096136,0.06120114727595315,0.022623056632530204,0.01075058128058431,0.09726070953349156,0.07195172855653746,0.0014938889298710231,0.489,0.174,0.6629999999999999,U HSBO,0.86
MSH6,"HSBO: 40, Survey: Never",40.332297295813405,22.03054198241641,46.55363832871804,0.0,0.9428745626783764,0.0,0.0,8828.759779624597,14057.323622967335,0.022612716695639447,0.019014190968566082,0.022612716695639447,0.010745869757923259,0.045225433391278894,0.02976006072648934,0.001612400427456817,0.42100000000000004,0.11800000000000001,0.5389999999999999,U HSBO,0.86
MSH6,"Hyst+Salp: 40, Oophorectomy: 50",41.13531266732442,22.54831441591599,46.2257541084722,0.0,0.8773780745668894,0.04744820130387981,0.0,12975.726847285667,22669.32481489357,0.04066100350324703,0.03416381384873168,0.022612716695639447,0.010745869757923259,0.06327372019888647,0.04490968360665494,0.0015455380324381634,0.42100000000000004,0.11800000000000001,0.5389999999999999,U HSBO,0.86
PMS2,"HSBO: 50, Survey: Never",42.31555901138022,23.04030759354814,47.36085618160198,0.0,0.9615222537047986,0.0,0.0,4256.433357214619,8900.955178386726,0.0,0.0,0.006789517384453046,0.0029204608177456704,0.006789517384453046,0.0029204608177456704,0.0016402221332388663,0.1278,0.04,0.1678,U HSBO,0.86
PMS2,Nat Hist,41.56929387660047,22.823404539627738,46.75663310976222,0.6379460089735569,0.0,0.0,0.0,3829.402081877061,10923.091399544839,0.035257628024046916,0.02521496405110664,0.11499766073335005,0.033166795679711814,0.15025528875739694,0.05838175973081845,0.0,0.1278,0.04,0.1678,U HSBO,0.86
MLH1,"HSBO: 40, Survey: Never",41.19825866050296,22.5009192890072,46.675395000461144,0.0,0.9496628970807018,0.0,0.0,8374.053299372994,13302.862514733419,0.019699110521807492,0.016561680234250423,0.0187055991075024,0.008887985711154069,0.038404709629309884,0.02544966594540449,0.0016228440892110108,0.37,0.12,0.49,U HSBO,0.95
MLH1,"Hyst+Salp: 40, Oophorectomy: 50",41.124978661184414,22.55321201837462,46.207562876854595,0.0,0.8760799498300502,0.04749301336774374,0.0,13178.357514181027,23291.598577558307,0.04578904440471584,0.03802621636530136,0.0187055991075024,0.008887985711154069,0.06449464351221823,0.046914202076455434,0.0015446305014221306,0.37,0.12,0.49,U HSBO,0.95
MSH2,"HSBO: 40, Survey: Never",41.09642863109454,22.45861427786168,46.57880990767861,0.0,0.9438427875400934,0.0,0.0,8722.309231542127,13886.415203337443,0.021629527416283524,0.018187060641255325,0.022623056632530204,0.01075058128058431,0.04425258404881373,0.028937641921839632,0.0016138904728619564,0.489,0.174,0.6629999999999999,U HSBO,0.95
MSH2,"Hyst+Salp: 40, Oophorectomy: 50",40.53679556757809,22.335619984655516,45.62769476961987,0.0,0.8446470507106429,0.046187611344773005,0.0,15651.841278733742,28292.52029297344,0.07463765290096136,0.06120114727595315,0.022623056632530204,0.01075058128058431,0.09726070953349156,0.07195172855653746,0.0014938889298710231,0.489,0.174,0.6629999999999999,U HSBO,0.95
MSH6,"HSBO: 40, Survey: Never",41.07215913610381,22.44832561353839,46.55363832871804,0.0,0.9428745626783764,0.0,0.0,8828.759779624597,14057.323622967335,0.022612716695639447,0.019014190968566082,0.022612716695639447,0.010745869757923259,0.045225433391278894,0.02976006072648934,0.001612400427456817,0.42100000000000004,0.11800000000000001,0.5389999999999999,U HSBO,0.95
MSH6,"Hyst+Salp: 40, Oophorectomy: 50",41.13759550949349,22.54977968543622,46.2257541084722,0.0,0.8773780745668894,0.04744820130387981,0.0,12975.726847285667,22669.32481489357,0.04066100350324703,0.03416381384873168,0.022612716695639447,0.010745869757923259,0.06327372019888647,0.04490968360665494,0.0015455380324381634,0.42100000000000004,0.11800000000000001,0.5389999999999999,U HSBO,0.95
PMS2,"HSBO: 50, Survey: Never",42.31555901138022,23.04030759354814,47.36085618160198,0.0,0.9615222537047986,0.0,0.0,4256.433357214619,8900.955178386726,0.0,0.0,0.006789517384453046,0.0029204608177456704,0.006789517384453046,0.0029204608177456704,0.0016402221332388663,0.1278,0.04,0.1678,U HSBO,0.95
PMS2,Nat Hist,41.56929387660047,22.823404539627738,46.75663310976222,0.6379460089735569,0.0,0.0,0.0,3829.402081877061,10923.091399544839,0.035257628024046916,0.02521496405110664,0.11499766073335005,0.033166795679711814,0.15025528875739694,0.05838175973081845,0.0,0.1278,0.04,0.1678,U HSBO,0.95
MLH1,"HSBO: 40, Survey: Never",39.82779271137988,21.938084673909735,46.675395000461144,0.0,0.9496628970807018,0.0,0.0,8374.053299372994,13302.862514733419,0.019699110521807492,0.016561680234250423,0.0187055991075024,0.008887985711154069,0.038404709629309884,0.02544966594540449,0.0016228440892110108,0.37,0.12,0.49,U hysterectomy,0.95
MLH1,"Hyst+Salp: 40, Oophorectomy: 50",39.785435844123484,22.002131174761107,46.207562876854595,0.0,0.8760799498300502,0.04749301336774374,0.0,13178.357514181027,23291.598577558307,0.04578904440471584,0.03802621636530136,0.0187055991075024,0.008887985711154069,0.06449464351221823,0.046914202076455434,0.0015446305014221306,0.37,0.12,0.49,U hysterectomy,0.95
MSH2,"HSBO: 40, Survey: Never",39.734363161776194,21.899229643276733,46.57880990767861,0.0,0.9438427875400934,0.0,0.0,8722.309231542127,13886.415203337443,0.021629527416283524,0.018187060641255325,0.022623056632530204,0.01075058128058431,0.04425258404881373,0.028937641921839632,0.0016138904728619564,0.489,0.174,0.6629999999999999,U hysterectomy,0.95
MSH2,"Hyst+Salp: 40, Oophorectomy: 50",39.238450081602146,21.8002854717025,45.62769476961987,0.0,0.8446470507106429,0.046187611344773005,0.0,15651.841278733742,28292.52029297344,0.07463765290096136,0.06120114727595315,0.022623056632530204,0.01075058128058431,0.09726070953349156,0.07195172855653746,0.0014938889298710231,0.489,0.174,0.6629999999999999,U hysterectomy,0.95
MSH6,"HSBO: 40, Survey: Never",39.71149115747524,21.889514912318944,46.55363832871804,0.0,0.9428745626783764,0.0,0.0,8828.759779624597,14057.323622967335,0.022612716695639447,0.019014190968566082,0.022612716695639447,0.010745869757923259,0.045225433391278894,0.02976006072648934,0.001612400427456817,0.42100000000000004,0.11800000000000001,0.5389999999999999,U hysterectomy,0.95
MSH6,"Hyst+Salp: 40, Oophorectomy: 50",39.79807104718031,21.999056725963694,46.2257541084722,0.0,0.8773780745668894,0.04744820130387981,0.0,12975.726847285667,22669.32481489357,0.04066100350324703,0.03416381384873168,0.022612716695639447,0.010745869757923259,0.06327372019888647,0.04490968360665494,0.0015455380324381634,0.42100000000000004,0.11800000000000001,0.5389999999999999,U hysterectomy,0.95
PMS2,"HSBO: 50, Survey: Never",41.327463455413884,22.700366598518364,47.36085618160198,0.0,0.9615222537047986,0.0,0.0,4256.433357214619,8900.955178386726,0.0,0.0,0.006789517384453046,0.0029204608177456704,0.006789517384453046,0.0029204608177456704,0.0016402221332388663,0.1278,0.04,0.1678,U hysterectomy,0.95
PMS2,Nat Hist,41.56929387660047,22.823404539627738,46.75663310976222,0.6379460089735569,0.0,0.0,0.0,3829.402081877061,10923.091399544839,0.035257628024046916,0.02521496405110664,0.11499766073335005,0.033166795679711814,0.15025528875739694,0.05838175973081845,0.0,0.1278,0.04,0.1678,U hysterectomy,0.95
MLH1,"HSBO: 40, Survey: Never",40.78426450669218,22.26714593914171,46.675395000461144,0.0,0.9496628970807018,0.0,0.0,8374.053299372994,13302.862514733419,0.019699110521807492,0.016561680234250423,0.0187055991075024,0.008887985711154069,0.038404709629309884,0.02544966594540449,0.0016228440892110108,0.37,0.12,0.49,U hysterectomy,1.0
MLH1,"Hyst+Salp: 40, Oophorectomy: 50",41.12370220099446,22.552392707151316,46.207562876854595,0.0,0.8760799498300502,0.04749301336774374,0.0,13178.357514181027,23291.598577558307,0.04578904440471584,0.03802621636530136,0.0187055991075024,0.008887985711154069,0.06449464351221823,0.046914202076455434,0.0015446305014221306,0.37,0.12,0.49,U hysterectomy,1.0
MSH2,"HSBO: 40, Survey: Never",40.68497211751525,22.226273877355997,46.57880990767861,0.0,0.9438427875400934,0.0,0.0,8722.309231542127,13886.415203337443,0.021629527416283524,0.018187060641255325,0.022623056632530204,0.01075058128058431,0.04425258404881373,0.028937641921839632,0.0016138904728619564,0.489,0.174,0.6629999999999999,U hysterectomy,1.0
MSH2,"Hyst+Salp: 40, Oophorectomy: 50",40.53552614992223,22.33480519376686,45.62769476961987,0.0,0.8446470507106429,0.046187611344773005,0.0,15651.841278733742,28292.52029297344,0.07463765290096136,0.06120114727595315,0.022623056632530204,0.01075058128058431,0.09726070953349156,0.07195172855653746,0.0014938889298710231,0.489,0.174,0.6629999999999999,U hysterectomy,1.0
MSH6,"HSBO: 40, Survey: Never",40.66112478038692,22.2162235962484,46.55363832871804,0.0,0.9428745626783764,0.0,0.0,8828.759779624597,14057.323622967335,0.022612716695639447,0.019014190968566082,0.022612716695639447,0.010745869757923259,0.045225433391278894,0.02976006072648934,0.001612400427456817,0.42100000000000004,0.11800000000000001,0.5389999999999999,U hysterectomy,1.0
MSH6,"Hyst+Salp: 40, Oophorectomy: 50",41.136327263844,22.54896564681387,46.2257541084722,0.0,0.8773780745668894,0.04744820130387981,0.0,12975.726847285667,22669.32481489357,0.04066100350324703,0.03416381384873168,0.022612716695639447,0.010745869757923259,0.06327372019888647,0.04490968360665494,0.0015455380324381634,0.42100000000000004,0.11800000000000001,0.5389999999999999,U hysterectomy,1.0
PMS2,"HSBO: 50, Survey: Never",42.31555901138022,23.04030759354814,47.36085618160198,0.0,0.9615222537047986,0.0,0.0,4256.433357214619,8900.955178386726,0.0,0.0,0.006789517384453046,0.0029204608177456704,0.006789517384453046,0.0029204608177456704,0.0016402221332388663,0.1278,0.04,0.1678,U hysterectomy,1.0
PMS2,Nat Hist,41.56929387660047,22.823404539627738,46.75663310976222,0.6379460089735569,0.0,0.0,0.0,3829.402081877061,10923.091399544839,0.035257628024046916,0.02521496405110664,0.11499766073335005,0.033166795679711814,0.15025528875739694,0.05838175973081845,0.0,0.1278,0.04,0.1678,U hysterectomy,1.0
MLH1,"HSBO: 40, Survey: Never",40.78386018206465,22.26685756945033,46.675395000461144,0.0,0.9496628970807018,0.0,0.0,8374.053299372994,13302.862514733419,0.019699110521807492,0.016561680234250423,0.0187055991075024,0.008887985711154069,0.038404709629309884,0.02544966594540449,0.0016228440892110108,0.37,0.12,0.49,U init OC local,0.65
MLH1,"Hyst+Salp: 40, Oophorectomy: 50",41.122898575772496,22.55190572003882,46.207562876854595,0.0,0.8760799498300502,0.04749301336774374,0.0,13178.357514181027,23291.598577558307,0.04578904440471584,0.03802621636530136,0.0187055991075024,0.008887985711154069,0.06449464351221823,0.046914202076455434,0.0015446305014221306,0.37,0.12,0.49,U init OC local,0.65
MSH2,"HSBO: 40, Survey: Never",40.68452847888943,22.225957407719395,46.57880990767861,0.0,0.9438427875400934,0.0,0.0,8722.309231542127,13886.415203337443,0.021629527416283524,0.018187060641255325,0.022623056632530204,0.01075058128058431,0.04425258404881373,0.028937641921839632,0.0016138904728619564,0.489,0.174,0.6629999999999999,U init OC local,0.65
MSH2,"Hyst+Salp: 40, Oophorectomy: 50",40.53417232715498,22.33402075427233,45.62769476961987,0.0,0.8446470507106429,0.046187611344773005,0.0,15651.841278733742,28292.52029297344,0.07463765290096136,0.06120114727595315,0.022623056632530204,0.01075058128058431,0.09726070953349156,0.07195172855653746,0.0014938889298710231,0.489,0.174,0.6629999999999999,U init OC local,0.65
MSH6,"HSBO: 40, Survey: Never",40.660661029450175,22.215892768898836,46.55363832871804,0.0,0.9428745626783764,0.0,0.0,8828.759779624597,14057.323622967335,0.022612716695639447,0.019014190968566082,0.022612716695639447,0.010745869757923259,0.045225433391278894,0.02976006072648934,0.001612400427456817,0.42100000000000004,0.11800000000000001,0.5389999999999999,U init OC local,0.65
MSH6,"Hyst+Salp: 40, Oophorectomy: 50",41.13563655403306,22.548529135624875,46.2257541084722,0.0,0.8773780745668894,0.04744820130387981,0.0,12975.726847285667,22669.32481489357,0.04066100350324703,0.03416381384873168,0.022612716695639447,0.010745869757923259,0.06327372019888647,0.04490968360665494,0.0015455380324381634,0.42100000000000004,0.11800000000000001,0.5389999999999999,U init OC local,0.65
PMS2,"HSBO: 50, Survey: Never",42.31555901138022,23.04030759354814,47.36085618160198,0.0,0.9615222537047986,0.0,0.0,4256.433357214619,8900.955178386726,0.0,0.0,0.006789517384453046,0.0029204608177456704,0.006789517384453046,0.0029204608177456704,0.0016402221332388663,0.1278,0.04,0.1678,U init OC local,0.65
PMS2,Nat Hist,41.568805731399344,22.823217920817523,46.75663310976222,0.6379460089735569,0.0,0.0,0.0,3829.402081877061,10923.091399544839,0.035257628024046916,0.02521496405110664,0.11499766073335005,0.033166795679711814,0.15025528875739694,0.05838175973081845,0.0,0.1278,0.04,0.1678,U init OC local,0.65
MLH1,"HSBO: 40, Survey: Never",40.78466883131971,22.267434308833085,46.675395000461144,0.0,0.9496628970807018,0.0,0.0,8374.053299372994,13302.862514733419,0.019699110521807492,0.016561680234250423,0.0187055991075024,0.008887985711154069,0.038404709629309884,0.02544966594540449,0.0016228440892110108,0.37,0.12,0.49,U init OC local,0.85
MLH1,"Hyst+Salp: 40, Oophorectomy: 50",41.124505826216414,22.552879694263815,46.207562876854595,0.0,0.8760799498300502,0.04749301336774374,0.0,13178.357514181027,23291.598577558307,0.04578904440471584,0.03802621636530136,0.0187055991075024,0.008887985711154069,0.06449464351221823,0.046914202076455434,0.0015446305014221306,0.37,0.12,0.49,U init OC local,0.85
MSH2,"HSBO: 40, Survey: Never",40.68541575614106,22.22659034699259,46.57880990767861,0.0,0.9438427875400934,0.0,0.0,8722.309231542127,13886.415203337443,0.021629527416283524,0.018187060641255325,0.022623056632530204,0.01075058128058431,0.04425258404881373,0.028937641921839632,0.0016138904728619564,0.489,0.174,0.6629999999999999,U init OC local,0.85
MSH2,"Hyst+Salp: 40, Oophorectomy: 50",40.53687997268947,22.3355896332614,45.62769476961987,0.0,0.8446470507106429,0.046187611344773005,0.0,15651.841278733742,28292.52029297344,0.07463765290096136,0.06120114727595315,0.022623056632530204,0.01075058128058431,0.09726070953349156,0.07195172855653746,0.0014938889298710231,0.489,0.174,0.6629999999999999,U init OC local,0.85
MSH6,"HSBO: 40, Survey: Never",40.66158853132366,22.21655442359797,46.55363832871804,0.0,0.9428745626783764,0.0,0.0,8828.759779624597,14057.323622967335,0.022612716695639447,0.019014190968566082,0.022612716695639447,0.010745869757923259,0.045225433391278894,0.02976006072648934,0.001612400427456817,0.42100000000000004,0.11800000000000001,0.5389999999999999,U init OC local,0.85
MSH6,"Hyst+Salp: 40, Oophorectomy: 50",41.13701797365493,22.549402158002863,46.2257541084722,0.0,0.8773780745668894,0.04744820130387981,0.0,12975.726847285667,22669.32481489357,0.04066100350324703,0.03416381384873168,0.022612716695639447,0.010745869757923259,0.06327372019888647,0.04490968360665494,0.0015455380324381634,0.42100000000000004,0.11800000000000001,0.5389999999999999,U init OC local,0.85
PMS2,"HSBO: 50, Survey: Never",42.31555901138022,23.04030759354814,47.36085618160198,0.0,0.9615222537047986,0.0,0.0,4256.433357214619,8900.955178386726,0.0,0.0,0.006789517384453046,0.0029204608177456704,0.006789517384453046,0.0029204608177456704,0.0016402221332388663,0.1278,0.04,0.1678,U init OC local,0.85
PMS2,Nat Hist,41.56978202180157,22.82359115843796,46.75663310976222,0.6379460089735569,0.0,0.0,0.0,3829.402081877061,10923.091399544839,0.035257628024046916,0.02521496405110664,0.11499766073335005,0.033166795679711814,0.15025528875739694,0.05838175973081845,0.0,0.1278,0.04,0.1678,U init OC local,0.85
MLH1,"HSBO: 40, Survey: Never",40.783871907337705,22.266852473976307,46.675395000461144,0.0,0.9496628970807018,0.0,0.0,8374.053299372994,13302.862514733419,0.019699110521807492,0.016561680234250423,0.0187055991075024,0.008887985711154069,0.038404709629309884,0.02544966594540449,0.0016228440892110108,0.37,0.12,0.49,U init OC regional,0.65
MLH1,"Hyst+Salp: 40, Oophorectomy: 50",41.12279190969731,22.55180963831375,46.207562876854595,0.0,0.8760799498300502,0.04749301336774374,0.0,13178.357514181027,23291.598577558307,0.04578904440471584,0.03802621636530136,0.0187055991075024,0.008887985711154069,0.06449464351221823,0.046914202076455434,0.0015446305014221306,0.37,0.12,0.49,U init OC regional,0.65
MSH2,"HSBO: 40, Survey: Never",40.68454091033971,22.2259515117324,46.57880990767861,0.0,0.9438427875400934,0.0,0.0,8722.309231542127,13886.415203337443,0.021629527416283524,0.018187060641255325,0.022623056632530204,0.01075058128058431,0.04425258404881373,0.028937641921839632,0.0016138904728619564,0.489,0.174,0.6629999999999999,U init OC regional,0.65
MSH2,"Hyst+Salp: 40, Oophorectomy: 50",40.534070835498575,22.333911973579013,45.62769476961987,0.0,0.8446470507106429,0.046187611344773005,0.0,15651.841278733742,28292.52029297344,0.07463765290096136,0.06120114727595315,0.022623056632530204,0.01075058128058431,0.09726070953349156,0.07195172855653746,0.0014938889298710231,0.489,0.174,0.6629999999999999,U init OC regional,0.65
MSH6,"HSBO: 40, Survey: Never",40.66067394875981,22.21588655238136,46.55363832871804,0.0,0.9428745626783764,0.0,0.0,8828.759779624597,14057.323622967335,0.022612716695639447,0.019014190968566082,0.022612716695639447,0.010745869757923259,0.045225433391278894,0.02976006072648934,0.001612400427456817,0.42100000000000004,0.11800000000000001,0.5389999999999999,U init OC regional,0.65
MSH6,"Hyst+Salp: 40, Oophorectomy: 50",41.135504461602174,22.548419399396977,46.2257541084722,0.0,0.8773780745668894,0.04744820130387981,0.0,12975.726847285667,22669.32481489357,0.04066100350324703,0.03416381384873168,0.022612716695639447,0.010745869757923259,0.06327372019888647,0.04490968360665494,0.0015455380324381634,0.42100000000000004,0.11800000000000001,0.5389999999999999,U init OC regional,0.65
PMS2,"HSBO: 50, Survey: Never",42.31555901138022,23.04030759354814,47.36085618160198,0.0,0.9615222537047986,0.0,0.0,4256.433357214619,8900.955178386726,0.0,0.0,0.006789517384453046,0.0029204608177456704,0.006789517384453046,0.0029204608177456704,0.0016402221332388663,0.1278,0.04,0.1678,U init OC regional,0.65
PMS2,Nat Hist,41.56859216787386,22.823136275088043,46.75663310976222,0.6379460089735569,0.0,0.0,0.0,3829.402081877061,10923.091399544839,0.035257628024046916,0.02521496405110664,0.11499766073335005,0.033166795679711814,0.15025528875739694,0.05838175973081845,0.0,0.1278,0.04,0.1678,U init OC regional,0.65
MLH1,"HSBO: 40, Survey: Never",40.78465710604666,22.267439404307108,46.675395000461144,0.0,0.9496628970807018,0.0,0.0,8374.053299372994,13302.862514733419,0.019699110521807492,0.016561680234250423,0.0187055991075024,0.008887985711154069,0.038404709629309884,0.02544966594540449,0.0016228440892110108,0.37,0.12,0.49,U init OC regional,0.85
MLH1,"Hyst+Salp: 40, Oophorectomy: 50",41.1246124922916,22.55297577598888,46.207562876854595,0.0,0.8760799498300502,0.04749301336774374,0.0,13178.357514181027,23291.598577558307,0.04578904440471584,0.03802621636530136,0.0187055991075024,0.008887985711154069,0.06449464351221823,0.046914202076455434,0.0015446305014221306,0.37,0.12,0.49,U init OC regional,0.85
MSH2,"HSBO: 40, Survey: Never",40.685403324690796,22.226596242979593,46.57880990767861,0.0,0.9438427875400934,0.0,0.0,8722.309231542127,13886.415203337443,0.021629527416283524,0.018187060641255325,0.022623056632530204,0.01075058128058431,0.04425258404881373,0.028937641921839632,0.0016138904728619564,0.489,0.174,0.6629999999999999,U init OC regional,0.85
MSH2,"Hyst+Salp: 40, Oophorectomy: 50",40.53698146434587,22.335698413954717,45.62769476961987,0.0,0.8446470507106429,0.046187611344773005,0.0,15651.841278733742,28292.52029297344,0.07463765290096136,0.06120114727595315,0.022623056632530204,0.01075058128058431,0.09726070953349156,0.07195172855653746,0.0014938889298710231,0.489,0.174,0.6629999999999999,U init OC regional,0.85
MSH6,"HSBO: 40, Survey: Never",40.66157561201403,22.216560640115446,46.55363832871804,0.0,0.9428745626783764,0.0,0.0,8828.759779624597,14057.323622967335,0.022612716695639447,0.019014190968566082,0.022612716695639447,0.010745869757923259,0.045225433391278894,0.02976006072648934,0.001612400427456817,0.42100000000000004,0.11800000000000001,0.5389999999999999,U init OC regional,0.85
MSH6,"Hyst+Salp: 40, Oophorectomy: 50",41.13715006608583,22.549511894230754,46.2257541084722,0.0,0.8773780745668894,0.04744820130387981,0.0,12975.726847285667,22669.32481489357,0.04066100350324703,0.03416381384873168,0.022612716695639447,0.010745869757923259,0.06327372019888647,0.04490968360665494,0.0015455380324381634,0.42100000000000004,0.11800000000000001,0.5389999999999999,U init OC regional,0.85
PMS2,"HSBO: 50, Survey: Never",42.31555901138022,23.04030759354814,47.36085618160198,0.0,0.9615222537047986,0.0,0.0,4256.433357214619,8900.955178386726,0.0,0.0,0.006789517384453046,0.0029204608177456704,0.006789517384453046,0.0029204608177456704,0.0016402221332388663,0.1278,0.04,0.1678,U init OC regional,0.85
PMS2,Nat Hist,41.56999558532706,22.82367280416742,46.75663310976222,0.6379460089735569,0.0,0.0,0.0,3829.402081877061,10923.091399544839,0.035257628024046916,0.02521496405110664,0.11499766073335005,0.033166795679711814,0.15025528875739694,0.05838175973081845,0.0,0.1278,0.04,0.1678,U init OC regional,0.85
MLH1,"HSBO: 40, Survey: Never",40.7832202828343,22.266365704394484,46.675395000461144,0.0,0.9496628970807018,0.0,0.0,8374.053299372994,13302.862514733419,0.019699110521807492,0.016561680234250423,0.0187055991075024,0.008887985711154069,0.038404709629309884,0.02544966594540449,0.0016228440892110108,0.37,0.12,0.49,U init OC distant,0.49
MLH1,"Hyst+Salp: 40, Oophorectomy: 50",41.121284077910566,22.550844457781537,46.207562876854595,0.0,0.8760799498300502,0.04749301336774374,0.0,13178.357514181027,23291.598577558307,0.04578904440471584,0.03802621636530136,0.0187055991075024,0.008887985711154069,0.06449464351221823,0.046914202076455434,0.0015446305014221306,0.37,0.12,0.49,U init OC distant,0.49
MSH2,"HSBO: 40, Survey: Never",40.68382521590188,22.225416811856597,46.57880990767861,0.0,0.9438427875400934,0.0,0.0,8722.309231542127,13886.415203337443,0.021629527416283524,0.018187060641255325,0.022623056632530204,0.01075058128058431,0.04425258404881373,0.028937641921839632,0.0016138904728619564,0.489,0.174,0.6629999999999999,U init OC distant,0.49
MSH2,"Hyst+Salp: 40, Oophorectomy: 50",40.53165864319699,22.33243251237402,45.62769476961987,0.0,0.8446470507106429,0.046187611344773005,0.0,15651.841278733742,28292.52029297344,0.07463765290096136,0.06120114727595315,0.022623056632530204,0.01075058128058431,0.09726070953349156,0.07195172855653746,0.0014938889298710231,0.489,0.174,0.6629999999999999,U init OC distant,0.49
MSH6,"HSBO: 40, Survey: Never",40.65992568448506,22.215327507250073,46.55363832871804,0.0,0.9428745626783764,0.0,0.0,8828.759779624597,14057.323622967335,0.022612716695639447,0.019014190968566082,0.022612716695639447,0.010745869757923259,0.045225433391278894,0.02976006072648934,0.001612400427456817,0.42100000000000004,0.11800000000000001,0.5389999999999999,U init OC distant,0.49
MSH6,"Hyst+Salp: 40, Oophorectomy: 50",41.134142359983464,22.547515619278684,46.2257541084722,0.0,0.8773780745668894,0.04744820130387981,0.0,12975.726847285667,22669.32481489357,0.04066100350324703,0.03416381384873168,0.022612716695639447,0.010745869757923259,0.06327372019888647,0.04490968360665494,0.0015455380324381634,0.42100000000000004,0.11800000000000001,0.5389999999999999,U init OC distant,0.49
PMS2,"HSBO: 50, Survey: Never",42.31555901138022,23.04030759354814,47.36085618160198,0.0,0.9615222537047986,0.0,0.0,4256.433357214619,8900.955178386726,0.0,0.0,0.006789517384453046,0.0029204608177456704,0.006789517384453046,0.0029204608177456704,0.0016402221332388663,0.1278,0.04,0.1678,U init OC distant,0.49
PMS2,Nat Hist,41.567432823021264,22.822693055413794,46.75663310976222,0.6379460089735569,0.0,0.0,0.0,3829.402081877061,10923.091399544839,0.035257628024046916,0.02521496405110664,0.11499766073335005,0.033166795679711814,0.15025528875739694,0.05838175973081845,0.0,0.1278,0.04,0.1678,U init OC distant,0.49
MLH1,"HSBO: 40, Survey: Never",40.785308730550064,22.267926173888934,46.675395000461144,0.0,0.9496628970807018,0.0,0.0,8374.053299372994,13302.862514733419,0.019699110521807492,0.016561680234250423,0.0187055991075024,0.008887985711154069,0.038404709629309884,0.02544966594540449,0.0016228440892110108,0.37,0.12,0.49,U init OC distant,0.69
MLH1,"Hyst+Salp: 40, Oophorectomy: 50",41.12612032407835,22.5539409565211,46.207562876854595,0.0,0.8760799498300502,0.04749301336774374,0.0,13178.357514181027,23291.598577558307,0.04578904440471584,0.03802621636530136,0.0187055991075024,0.008887985711154069,0.06449464351221823,0.046914202076455434,0.0015446305014221306,0.37,0.12,0.49,U init OC distant,0.69
MSH2,"HSBO: 40, Survey: Never",40.68611901912863,22.227130942855396,46.57880990767861,0.0,0.9438427875400934,0.0,0.0,8722.309231542127,13886.415203337443,0.021629527416283524,0.018187060641255325,0.022623056632530204,0.01075058128058431,0.04425258404881373,0.028937641921839632,0.0016138904728619564,0.489,0.174,0.6629999999999999,U init OC distant,0.69
MSH2,"Hyst+Salp: 40, Oophorectomy: 50",40.539393656647455,22.33717787515971,45.62769476961987,0.0,0.8446470507106429,0.046187611344773005,0.0,15651.841278733742,28292.52029297344,0.07463765290096136,0.06120114727595315,0.022623056632530204,0.01075058128058431,0.09726070953349156,0.07195172855653746,0.0014938889298710231,0.489,0.174,0.6629999999999999,U init OC distant,0.69
MSH6,"HSBO: 40, Survey: Never",40.66232387628878,22.217119685246733,46.55363832871804,0.0,0.9428745626783764,0.0,0.0,8828.759779624597,14057.323622967335,0.022612716695639447,0.019014190968566082,0.022612716695639447,0.010745869757923259,0.045225433391278894,0.02976006072648934,0.001612400427456817,0.42100000000000004,0.11800000000000001,0.5389999999999999,U init OC distant,0.69
MSH6,"Hyst+Salp: 40, Oophorectomy: 50",41.13851216770454,22.550415674349054,46.2257541084722,0.0,0.8773780745668894,0.04744820130387981,0.0,12975.726847285667,22669.32481489357,0.04066100350324703,0.03416381384873168,0.022612716695639447,0.010745869757923259,0.06327372019888647,0.04490968360665494,0.0015455380324381634,0.42100000000000004,0.11800000000000001,0.5389999999999999,U init OC distant,0.69
PMS2,"HSBO: 50, Survey: Never",42.31555901138022,23.04030759354814,47.36085618160198,0.0,0.9615222537047986,0.0,0.0,4256.433357214619,8900.955178386726,0.0,0.0,0.006789517384453046,0.0029204608177456704,0.006789517384453046,0.0029204608177456704,0.0016402221332388663,0.1278,0.04,0.1678,U init OC distant,0.69
PMS2,Nat Hist,41.57115493017968,22.824116023841682,46.75663310976222,0.6379460089735569,0.0,0.0,0.0,3829.402081877061,10923.091399544839,0.035257628024046916,0.02521496405110664,0.11499766073335005,0.033166795679711814,0.15025528875739694,0.05838175973081845,0.0,0.1278,0.04,0.1678,U init OC distant,0.69
MLH1,"HSBO: 40, Survey: Never",40.77406591606506,22.26250892537979,46.675395000461144,0.0,0.9496628970807018,0.0,0.0,8374.053299372994,13302.862514733419,0.019699110521807492,0.016561680234250423,0.0187055991075024,0.008887985711154069,0.038404709629309884,0.02544966594540449,0.0016228440892110108,0.37,0.12,0.49,U OC local,0.65
MLH1,"Hyst+Salp: 40, Oophorectomy: 50",41.10568605031554,22.544984384092093,46.207562876854595,0.0,0.8760799498300502,0.04749301336774374,0.0,13178.357514181027,23291.598577558307,0.04578904440471584,0.03802621636530136,0.0187055991075024,0.008887985711154069,0.06449464351221823,0.046914202076455434,0.0015446305014221306,0.37,0.12,0.49,U OC local,0.65
MSH2,"HSBO: 40, Survey: Never",40.673781372137306,22.221185060329738,46.57880990767861,0.0,0.9438427875400934,0.0,0.0,8722.309231542127,13886.415203337443,0.021629527416283524,0.018187060641255325,0.022623056632530204,0.01075058128058431,0.04425258404881373,0.028937641921839632,0.0016138904728619564,0.489,0.174,0.6629999999999999,U OC local,0.65
MSH2,"Hyst+Salp: 40, Oophorectomy: 50",40.506019097466194,22.32305203826957,45.62769476961987,0.0,0.8446470507106429,0.046187611344773005,0.0,15651.841278733742,28292.52029297344,0.07463765290096136,0.06120114727595315,0.022623056632530204,0.01075058128058431,0.09726070953349156,0.07195172855653746,0.0014938889298710231,0.489,0.174,0.6629999999999999,U OC local,0.65
MSH6,"HSBO: 40, Survey: Never",40.64942661515555,22.210903916035576,46.55363832871804,0.0,0.9428745626783764,0.0,0.0,8828.759779624597,14057.323622967335,0.022612716695639447,0.019014190968566082,0.022612716695639447,0.010745869757923259,0.045225433391278894,0.02976006072648934,0.001612400427456817,0.42100000000000004,0.11800000000000001,0.5389999999999999,U OC local,0.65
MSH6,"Hyst+Salp: 40, Oophorectomy: 50",41.12042029415918,22.542235171251203,46.2257541084722,0.0,0.8773780745668894,0.04744820130387981,0.0,12975.726847285667,22669.32481489357,0.04066100350324703,0.03416381384873168,0.022612716695639447,0.010745869757923259,0.06327372019888647,0.04490968360665494,0.0015455380324381634,0.42100000000000004,0.11800000000000001,0.5389999999999999,U OC local,0.65
PMS2,"HSBO: 50, Survey: Never",42.31555901138022,23.04030759354814,47.36085618160198,0.0,0.9615222537047986,0.0,0.0,4256.433357214619,8900.955178386726,0.0,0.0,0.006789517384453046,0.0029204608177456704,0.006789517384453046,0.0029204608177456704,0.0016402221332388663,0.1278,0.04,0.1678,U OC local,0.65
PMS2,Nat Hist,41.56283497161486,22.82140058350402,46.75663310976222,0.6379460089735569,0.0,0.0,0.0,3829.402081877061,10923.091399544839,0.035257628024046916,0.02521496405110664,0.11499766073335005,0.033166795679711814,0.15025528875739694,0.05838175973081845,0.0,0.1278,0.04,0.1678,U OC local,0.65
MLH1,"HSBO: 40, Survey: Never",40.79446309731931,22.27178295290363,46.675395000461144,0.0,0.9496628970807018,0.0,0.0,8374.053299372994,13302.862514733419,0.019699110521807492,0.016561680234250423,0.0187055991075024,0.008887985711154069,0.038404709629309884,0.02544966594540449,0.0016228440892110108,0.37,0.12,0.49,U OC local,0.85
MLH1,"Hyst+Salp: 40, Oophorectomy: 50",41.14171835167338,22.559801030210544,46.207562876854595,0.0,0.8760799498300502,0.04749301336774374,0.0,13178.357514181027,23291.598577558307,0.04578904440471584,0.03802621636530136,0.0187055991075024,0.008887985711154069,0.06449464351221823,0.046914202076455434,0.0015446305014221306,0.37,0.12,0.49,U OC local,0.85
MSH2,"HSBO: 40, Survey: Never",40.696162862893196,22.231362694382256,46.57880990767861,0.0,0.9438427875400934,0.0,0.0,8722.309231542127,13886.415203337443,0.021629527416283524,0.018187060641255325,0.022623056632530204,0.01075058128058431,0.04425258404881373,0.028937641921839632,0.0016138904728619564,0.489,0.174,0.6629999999999999,U OC local,0.85
MSH2,"Hyst+Salp: 40, Oophorectomy: 50",40.56503320237822,22.34655834926418,45.62769476961987,0.0,0.8446470507106429,0.046187611344773005,0.0,15651.841278733742,28292.52029297344,0.07463765290096136,0.06120114727595315,0.022623056632530204,0.01075058128058431,0.09726070953349156,0.07195172855653746,0.0014938889298710231,0.489,0.174,0.6629999999999999,U OC local,0.85
MSH6,"HSBO: 40, Survey: Never",40.67282294561827,22.221543276461247,46.55363832871804,0.0,0.9428745626783764,0.0,0.0,8828.759779624597,14057.323622967335,0.022612716695639447,0.019014190968566082,0.022612716695639447,0.010745869757923259,0.045225433391278894,0.02976006072648934,0.001612400427456817,0.42100000000000004,0.11800000000000001,0.5389999999999999,U OC local,0.85
MSH6,"Hyst+Salp: 40, Oophorectomy: 50",41.15223423352883,22.555696122376514,46.2257541084722,0.0,0.8773780745668894,0.04744820130387981,0.0,12975.726847285667,22669.32481489357,0.04066100350324703,0.03416381384873168,0.022612716695639447,0.010745869757923259,0.06327372019888647,0.04490968360665494,0.0015455380324381634,0.42100000000000004,0.11800000000000001,0.5389999999999999,U OC local,0.85
PMS2,"HSBO: 50, Survey: Never",42.31555901138022,23.04030759354814,47.36085618160198,0.0,0.9615222537047986,0.0,0.0,4256.433357214619,8900.955178386726,0.0,0.0,0.006789517384453046,0.0029204608177456704,0.006789517384453046,0.0029204608177456704,0.0016402221332388663,0.1278,0.04,0.1678,U OC local,0.85
PMS2,Nat Hist,41.57575278158605,22.825408495751446,46.75663310976222,0.6379460089735569,0.0,0.0,0.0,3829.402081877061,10923.091399544839,0.035257628024046916,0.02521496405110664,0.11499766073335005,0.033166795679711814,0.15025528875739694,0.05838175973081845,0.0,0.1278,0.04,0.1678,U OC local,0.85
MLH1,"HSBO: 40, Survey: Never",40.778844678201764,22.26426435557874,46.675395000461144,0.0,0.9496628970807018,0.0,0.0,8374.053299372994,13302.862514733419,0.019699110521807492,0.016561680234250423,0.0187055991075024,0.008887985711154069,0.038404709629309884,0.02544966594540449,0.0016228440892110108,0.37,0.12,0.49,U OC regional,0.65
MLH1,"Hyst+Salp: 40, Oophorectomy: 50",41.11153850441162,22.54670390472477,46.207562876854595,0.0,0.8760799498300502,0.04749301336774374,0.0,13178.357514181027,23291.598577558307,0.04578904440471584,0.03802621636530136,0.0187055991075024,0.008887985711154069,0.06449464351221823,0.046914202076455434,0.0015446305014221306,0.37,0.12,0.49,U OC regional,0.65
MSH2,"HSBO: 40, Survey: Never",40.67901949875256,22.22310865687719,46.57880990767861,0.0,0.9438427875400934,0.0,0.0,8722.309231542127,13886.415203337443,0.021629527416283524,0.018187060641255325,0.022623056632530204,0.01075058128058431,0.04425258404881373,0.028937641921839632,0.0016138904728619564,0.489,0.174,0.6629999999999999,U OC regional,0.65
MSH2,"Hyst+Salp: 40, Oophorectomy: 50",40.516251161335994,22.32611148639668,45.62769476961987,0.0,0.8446470507106429,0.046187611344773005,0.0,15651.841278733742,28292.52029297344,0.07463765290096136,0.06120114727595315,0.022623056632530204,0.01075058128058431,0.09726070953349156,0.07195172855653746,0.0014938889298710231,0.489,0.174,0.6629999999999999,U OC regional,0.65
MSH6,"HSBO: 40, Survey: Never",40.65490128819962,22.212914278785316,46.55363832871804,0.0,0.9428745626783764,0.0,0.0,8828.759779624597,14057.323622967335,0.022612716695639447,0.019014190968566082,0.022612716695639447,0.010745869757923259,0.045225433391278894,0.02976006072648934,0.001612400427456817,0.42100000000000004,0.11800000000000001,0.5389999999999999,U OC regional,0.65
MSH6,"Hyst+Salp: 40, Oophorectomy: 50",41.12524803697706,22.543625780374107,46.2257541084722,0.0,0.8773780745668894,0.04744820130387981,0.0,12975.726847285667,22669.32481489357,0.04066100350324703,0.03416381384873168,0.022612716695639447,0.010745869757923259,0.06327372019888647,0.04490968360665494,0.0015455380324381634,0.42100000000000004,0.11800000000000001,0.5389999999999999,U OC regional,0.65
PMS2,"HSBO: 50, Survey: Never",42.31555901138022,23.04030759354814,47.36085618160198,0.0,0.9615222537047986,0.0,0.0,4256.433357214619,8900.955178386726,0.0,0.0,0.006789517384453046,0.0029204608177456704,0.006789517384453046,0.0029204608177456704,0.0016402221332388663,0.1278,0.04,0.1678,U OC regional,0.65
PMS2,Nat Hist,41.56274421523945,22.82131038457922,46.75663310976222,0.6379460089735569,0.0,0.0,0.0,3829.402081877061,10923.091399544839,0.035257628024046916,0.02521496405110664,0.11499766073335005,0.033166795679711814,0.15025528875739694,0.05838175973081845,0.0,0.1278,0.04,0.1678,U OC regional,0.65
MLH1,"HSBO: 40, Survey: Never",40.789684335182606,22.270027522704687,46.675395000461144,0.0,0.9496628970807018,0.0,0.0,8374.053299372994,13302.862514733419,0.019699110521807492,0.016561680234250423,0.0187055991075024,0.008887985711154069,0.038404709629309884,0.02544966594540449,0.0016228440892110108,0.37,0.12,0.49,U OC regional,0.85
MLH1,"Hyst+Salp: 40, Oophorectomy: 50",41.13586589757734,22.55808150957787,46.207562876854595,0.0,0.8760799498300502,0.04749301336774374,0.0,13178.357514181027,23291.598577558307,0.04578904440471584,0.03802621636530136,0.0187055991075024,0.008887985711154069,0.06449464351221823,0.046914202076455434,0.0015446305014221306,0.37,0.12,0.49,U OC regional,0.85
MSH2,"HSBO: 40, Survey: Never",40.690924736277935,22.229439097834806,46.57880990767861,0.0,0.9438427875400934,0.0,0.0,8722.309231542127,13886.415203337443,0.021629527416283524,0.018187060641255325,0.022623056632530204,0.01075058128058431,0.04425258404881373,0.028937641921839632,0.0016138904728619564,0.489,0.174,0.6629999999999999,U OC regional,0.85
MSH2,"Hyst+Salp: 40, Oophorectomy: 50",40.55480113850845,22.34349890113707,45.62769476961987,0.0,0.8446470507106429,0.046187611344773005,0.0,15651.841278733742,28292.52029297344,0.07463765290096136,0.06120114727595315,0.022623056632530204,0.01075058128058431,0.09726070953349156,0.07195172855653746,0.0014938889298710231,0.489,0.174,0.6629999999999999,U OC regional,0.85
MSH6,"HSBO: 40, Survey: Never",40.667348272574195,22.219532913711497,46.55363832871804,0.0,0.9428745626783764,0.0,0.0,8828.759779624597,14057.323622967335,0.022612716695639447,0.019014190968566082,0.022612716695639447,0.010745869757923259,0.045225433391278894,0.02976006072648934,0.001612400427456817,0.42100000000000004,0.11800000000000001,0.5389999999999999,U OC regional,0.85
MSH6,"Hyst+Salp: 40, Oophorectomy: 50",41.14740649071094,22.554305513253613,46.2257541084722,0.0,0.8773780745668894,0.04744820130387981,0.0,12975.726847285667,22669.32481489357,0.04066100350324703,0.03416381384873168,0.022612716695639447,0.010745869757923259,0.06327372019888647,0.04490968360665494,0.0015455380324381634,0.42100000000000004,0.11800000000000001,0.5389999999999999,U OC regional,0.85
PMS2,"HSBO: 50, Survey: Never",42.31555901138022,23.04030759354814,47.36085618160198,0.0,0.9615222537047986,0.0,0.0,4256.433357214619,8900.955178386726,0.0,0.0,0.006789517384453046,0.0029204608177456704,0.006789517384453046,0.0029204608177456704,0.0016402221332388663,0.1278,0.04,0.1678,U OC regional,0.85
PMS2,Nat Hist,41.57584353796148,22.825498694676263,46.75663310976222,0.6379460089735569,0.0,0.0,0.0,3829.402081877061,10923.091399544839,0.035257628024046916,0.02521496405110664,0.11499766073335005,0.033166795679711814,0.15025528875739694,0.05838175973081845,0.0,0.1278,0.04,0.1678,U OC regional,0.85
MLH1,"HSBO: 40, Survey: Never",40.78070030858367,22.2648024413851,46.675395000461144,0.0,0.9496628970807018,0.0,0.0,8374.053299372994,13302.862514733419,0.019699110521807492,0.016561680234250423,0.0187055991075024,0.008887985711154069,0.038404709629309884,0.02544966594540449,0.0016228440892110108,0.37,0.12,0.49,U OC distant,0.49
MLH1,"Hyst+Salp: 40, Oophorectomy: 50",41.11533913844371,22.54768401781964,46.207562876854595,0.0,0.8760799498300502,0.04749301336774374,0.0,13178.357514181027,23291.598577558307,0.04578904440471584,0.03802621636530136,0.0187055991075024,0.008887985711154069,0.06449464351221823,0.046914202076455434,0.0015446305014221306,0.37,0.12,0.49,U OC distant,0.49
MSH2,"HSBO: 40, Survey: Never",40.681057630327125,22.223699720652313,46.57880990767861,0.0,0.9438427875400934,0.0,0.0,8722.309231542127,13886.415203337443,0.021629527416283524,0.018187060641255325,0.022623056632530204,0.01075058128058431,0.04425258404881373,0.028937641921839632,0.0016138904728619564,0.489,0.174,0.6629999999999999,U OC distant,0.49
MSH2,"Hyst+Salp: 40, Oophorectomy: 50",40.52211046386908,22.327564356030653,45.62769476961987,0.0,0.8446470507106429,0.046187611344773005,0.0,15651.841278733742,28292.52029297344,0.07463765290096136,0.06120114727595315,0.022623056632530204,0.01075058128058431,0.09726070953349156,0.07195172855653746,0.0014938889298710231,0.489,0.174,0.6629999999999999,U OC distant,0.49
MSH6,"HSBO: 40, Survey: Never",40.65703217968874,22.213532253178634,46.55363832871804,0.0,0.9428745626783764,0.0,0.0,8828.759779624597,14057.323622967335,0.022612716695639447,0.019014190968566082,0.022612716695639447,0.010745869757923259,0.045225433391278894,0.02976006072648934,0.001612400427456817,0.42100000000000004,0.11800000000000001,0.5389999999999999,U OC distant,0.49
MSH6,"Hyst+Salp: 40, Oophorectomy: 50",41.12879065720908,22.544568010439,46.2257541084722,0.0,0.8773780745668894,0.04744820130387981,0.0,12975.726847285667,22669.32481489357,0.04066100350324703,0.03416381384873168,0.022612716695639447,0.010745869757923259,0.06327372019888647,0.04490968360665494,0.0015455380324381634,0.42100000000000004,0.11800000000000001,0.5389999999999999,U OC distant,0.49
PMS2,"HSBO: 50, Survey: Never",42.31555901138022,23.04030759354814,47.36085618160198,0.0,0.9615222537047986,0.0,0.0,4256.433357214619,8900.955178386726,0.0,0.0,0.006789517384453046,0.0029204608177456704,0.006789517384453046,0.0029204608177456704,0.0016402221332388663,0.1278,0.04,0.1678,U OC distant,0.49
PMS2,Nat Hist,41.563343308495526,22.821334880469593,46.75663310976222,0.6379460089735569,0.0,0.0,0.0,3829.402081877061,10923.091399544839,0.035257628024046916,0.02521496405110664,0.11499766073335005,0.033166795679711814,0.15025528875739694,0.05838175973081845,0.0,0.1278,0.04,0.1678,U OC distant,0.49
MLH1,"HSBO: 40, Survey: Never",40.787828704800695,22.26948943689832,46.675395000461144,0.0,0.9496628970807018,0.0,0.0,8374.053299372994,13302.862514733419,0.019699110521807492,0.016561680234250423,0.0187055991075024,0.008887985711154069,0.038404709629309884,0.02544966594540449,0.0016228440892110108,0.37,0.12,0.49,U OC distant,0.69
MLH1,"Hyst+Salp: 40, Oophorectomy: 50",41.13206526354525,22.557101396482995,46.207562876854595,0.0,0.8760799498300502,0.04749301336774374,0.0,13178.357514181027,23291.598577558307,0.04578904440471584,0.03802621636530136,0.0187055991075024,0.008887985711154069,0.06449464351221823,0.046914202076455434,0.0015446305014221306,0.37,0.12,0.49,U OC distant,0.69
MSH2,"HSBO: 40, Survey: Never",40.688886604703356,22.22884803405969,46.57880990767861,0.0,0.9438427875400934,0.0,0.0,8722.309231542127,13886.415203337443,0.021629527416283524,0.018187060641255325,0.022623056632530204,0.01075058128058431,0.04425258404881373,0.028937641921839632,0.0016138904728619564,0.489,0.174,0.6629999999999999,U OC distant,0.69
MSH2,"Hyst+Salp: 40, Oophorectomy: 50",40.54894183597534,22.34204603150309,45.62769476961987,0.0,0.8446470507106429,0.046187611344773005,0.0,15651.841278733742,28292.52029297344,0.07463765290096136,0.06120114727595315,0.022623056632530204,0.01075058128058431,0.09726070953349156,0.07195172855653746,0.0014938889298710231,0.489,0.174,0.6629999999999999,U OC distant,0.69
MSH6,"HSBO: 40, Survey: Never",40.665217381085085,22.218914939318193,46.55363832871804,0.0,0.9428745626783764,0.0,0.0,8828.759779624597,14057.323622967335,0.022612716695639447,0.019014190968566082,0.022612716695639447,0.010745869757923259,0.045225433391278894,0.02976006072648934,0.001612400427456817,0.42100000000000004,0.11800000000000001,0.5389999999999999,U OC distant,0.69
MSH6,"Hyst+Salp: 40, Oophorectomy: 50",41.14386387047891,22.553363283188723,46.2257541084722,0.0,0.8773780745668894,0.04744820130387981,0.0,12975.726847285667,22669.32481489357,0.04066100350324703,0.03416381384873168,0.022612716695639447,0.010745869757923259,0.06327372019888647,0.04490968360665494,0.0015455380324381634,0.42100000000000004,0.11800000000000001,0.5389999999999999,U OC distant,0.69
PMS2,"HSBO: 50, Survey: Never",42.31555901138022,23.04030759354814,47.36085618160198,0.0,0.9615222537047986,0.0,0.0,4256.433357214619,8900.955178386726,0.0,0.0,0.006789517384453046,0.0029204608177456704,0.006789517384453046,0.0029204608177456704,0.0016402221332388663,0.1278,0.04,0.1678,U OC distant,0.69
PMS2,Nat Hist,41.57524444470539,22.825474198785873,46.75663310976222,0.6379460089735569,0.0,0.0,0.0,3829.402081877061,10923.091399544839,0.035257628024046916,0.02521496405110664,0.11499766073335005,0.033166795679711814,0.15025528875739694,0.05838175973081845,0.0,0.1278,0.04,0.1678,U OC distant,0.69
MLH1,"HSBO: 40, Survey: Never",40.78296708752267,22.266188189503453,46.675395000461144,0.0,0.9496628970807018,0.0,0.0,8374.053299372994,13302.862514733419,0.019699110521807492,0.016561680234250423,0.0187055991075024,0.008887985711154069,0.038404709629309884,0.02544966594540449,0.0016228440892110108,0.37,0.12,0.49,U init EC local,0.73
MLH1,"Hyst+Salp: 40, Oophorectomy: 50",41.12240478182495,22.55143495751306,46.207562876854595,0.0,0.8760799498300502,0.04749301336774374,0.0,13178.357514181027,23291.598577558307,0.04578904440471584,0.03802621636530136,0.0187055991075024,0.008887985711154069,0.06449464351221823,0.046914202076455434,0.0015446305014221306,0.37,0.12,0.49,U init EC local,0.73
MSH2,"HSBO: 40, Survey: Never",40.68340292070584,22.225115323875286,46.57880990767861,0.0,0.9438427875400934,0.0,0.0,8722.309231542127,13886.415203337443,0.021629527416283524,0.018187060641255325,0.022623056632530204,0.01075058128058431,0.04425258404881373,0.028937641921839632,0.0016138904728619564,0.489,0.174,0.6629999999999999,U init EC local,0.73
MSH2,"Hyst+Salp: 40, Oophorectomy: 50",40.53395695311281,22.33364664028615,45.62769476961987,0.0,0.8446470507106429,0.046187611344773005,0.0,15651.841278733742,28292.52029297344,0.07463765290096136,0.06120114727595315,0.022623056632530204,0.01075058128058431,0.09726070953349156,0.07195172855653746,0.0014938889298710231,0.489,0.174,0.6629999999999999,U init EC local,0.73
MSH6,"HSBO: 40, Survey: Never",40.65955629024806,22.2150655346931,46.55363832871804,0.0,0.9428745626783764,0.0,0.0,8828.759779624597,14057.323622967335,0.022612716695639447,0.019014190968566082,0.022612716695639447,0.010745869757923259,0.045225433391278894,0.02976006072648934,0.001612400427456817,0.42100000000000004,0.11800000000000001,0.5389999999999999,U init EC local,0.73
MSH6,"Hyst+Salp: 40, Oophorectomy: 50",41.13475877370514,22.547807585258568,46.2257541084722,0.0,0.8773780745668894,0.04744820130387981,0.0,12975.726847285667,22669.32481489357,0.04066100350324703,0.03416381384873168,0.022612716695639447,0.010745869757923259,0.06327372019888647,0.04490968360665494,0.0015455380324381634,0.42100000000000004,0.11800000000000001,0.5389999999999999,U init EC local,0.73
PMS2,"HSBO: 50, Survey: Never",42.31511060967912,23.040037565726724,47.36085618160198,0.0,0.9615222537047986,0.0,0.0,4256.433357214619,8900.955178386726,0.0,0.0,0.006789517384453046,0.0029204608177456704,0.006789517384453046,0.0029204608177456704,0.0016402221332388663,0.1278,0.04,0.1678,U init EC local,0.73
PMS2,Nat Hist,41.56204694573005,22.8206954992719,46.75663310976222,0.6379460089735569,0.0,0.0,0.0,3829.402081877061,10923.091399544839,0.035257628024046916,0.02521496405110664,0.11499766073335005,0.033166795679711814,0.15025528875739694,0.05838175973081845,0.0,0.1278,0.04,0.1678,U init EC local,0.73
MLH1,"HSBO: 40, Survey: Never",40.785042958193884,22.26772058892466,46.675395000461144,0.0,0.9496628970807018,0.0,0.0,8374.053299372994,13302.862514733419,0.019699110521807492,0.016561680234250423,0.0187055991075024,0.008887985711154069,0.038404709629309884,0.02544966594540449,0.0016228440892110108,0.37,0.12,0.49,U init EC local,0.89
MLH1,"Hyst+Salp: 40, Oophorectomy: 50",41.12448065249616,22.552967356934268,46.207562876854595,0.0,0.8760799498300502,0.04749301336774374,0.0,13178.357514181027,23291.598577558307,0.04578904440471584,0.03802621636530136,0.0187055991075024,0.008887985711154069,0.06449464351221823,0.046914202076455434,0.0015446305014221306,0.37,0.12,0.49,U init EC local,0.89
MSH2,"HSBO: 40, Survey: Never",40.6859136356009,22.22696900944442,46.57880990767861,0.0,0.9438427875400934,0.0,0.0,8722.309231542127,13886.415203337443,0.021629527416283524,0.018187060641255325,0.022623056632530204,0.01075058128058431,0.04425258404881373,0.028937641921839632,0.0016138904728619564,0.489,0.174,0.6629999999999999,U init EC local,0.89
MSH2,"Hyst+Salp: 40, Oophorectomy: 50",40.53646766800787,22.33550032585529,45.62769476961987,0.0,0.8446470507106429,0.046187611344773005,0.0,15651.841278733742,28292.52029297344,0.07463765290096136,0.06120114727595315,0.022623056632530204,0.01075058128058431,0.09726070953349156,0.07195172855653746,0.0014938889298710231,0.489,0.174,0.6629999999999999,U init EC local,0.89
MSH6,"HSBO: 40, Survey: Never",40.66206587447023,22.216918433181583,46.55363832871804,0.0,0.9428745626783764,0.0,0.0,8828.759779624597,14057.323622967335,0.022612716695639447,0.019014190968566082,0.022612716695639447,0.010745869757923259,0.045225433391278894,0.02976006072648934,0.001612400427456817,0.42100000000000004,0.11800000000000001,0.5389999999999999,U init EC local,0.89
MSH6,"Hyst+Salp: 40, Oophorectomy: 50",41.13726835792732,22.549660483747047,46.2257541084722,0.0,0.8773780745668894,0.04744820130387981,0.0,12975.726847285667,22669.32481489357,0.04066100350324703,0.03416381384873168,0.022612716695639447,0.010745869757923259,0.06327372019888647,0.04490968360665494,0.0015455380324381634,0.42100000000000004,0.11800000000000001,0.5389999999999999,U init EC local,0.89
PMS2,"HSBO: 50, Survey: Never",42.315828052400896,23.040469610241004,47.36085618160198,0.0,0.9615222537047986,0.0,0.0,4256.433357214619,8900.955178386726,0.0,0.0,0.006789517384453046,0.0029204608177456704,0.006789517384453046,0.0029204608177456704,0.0016402221332388663,0.1278,0.04,0.1678,U init EC local,0.89
PMS2,Nat Hist,41.57364203512274,22.82502996384125,46.75663310976222,0.6379460089735569,0.0,0.0,0.0,3829.402081877061,10923.091399544839,0.035257628024046916,0.02521496405110664,0.11499766073335005,0.033166795679711814,0.15025528875739694,0.05838175973081845,0.0,0.1278,0.04,0.1678,U init EC local,0.89
MLH1,"HSBO: 40, Survey: Never",40.78394210078006,22.26690646854514,46.675395000461144,0.0,0.9496628970807018,0.0,0.0,8374.053299372994,13302.862514733419,0.019699110521807492,0.016561680234250423,0.0187055991075024,0.008887985711154069,0.038404709629309884,0.02544966594540449,0.0016228440892110108,0.37,0.12,0.49,U init EC regional,0.73
MLH1,"Hyst+Salp: 40, Oophorectomy: 50",41.12337979508233,22.55215323655475,46.207562876854595,0.0,0.8760799498300502,0.04749301336774374,0.0,13178.357514181027,23291.598577558307,0.04578904440471584,0.03802621636530136,0.0187055991075024,0.008887985711154069,0.06449464351221823,0.046914202076455434,0.0015446305014221306,0.37,0.12,0.49,U init EC regional,0.73
MSH2,"HSBO: 40, Survey: Never",40.68458212316487,22.225984163460396,46.57880990767861,0.0,0.9438427875400934,0.0,0.0,8722.309231542127,13886.415203337443,0.021629527416283524,0.018187060641255325,0.022623056632530204,0.01075058128058431,0.04425258404881373,0.028937641921839632,0.0016138904728619564,0.489,0.174,0.6629999999999999,U init EC regional,0.73
MSH2,"Hyst+Salp: 40, Oophorectomy: 50",40.53513615557185,22.33451547987126,45.62769476961987,0.0,0.8446470507106429,0.046187611344773005,0.0,15651.841278733742,28292.52029297344,0.07463765290096136,0.06120114727595315,0.022623056632530204,0.01075058128058431,0.09726070953349156,0.07195172855653746,0.0014938889298710231,0.489,0.174,0.6629999999999999,U init EC regional,0.73
MSH6,"HSBO: 40, Survey: Never",40.66073495295177,22.215933999468362,46.55363832871804,0.0,0.9428745626783764,0.0,0.0,8828.759779624597,14057.323622967335,0.022612716695639447,0.019014190968566082,0.022612716695639447,0.010745869757923259,0.045225433391278894,0.02976006072648934,0.001612400427456817,0.42100000000000004,0.11800000000000001,0.5389999999999999,U init EC regional,0.73
MSH6,"Hyst+Salp: 40, Oophorectomy: 50",41.135937436408845,22.548676050033826,46.2257541084722,0.0,0.8773780745668894,0.04744820130387981,0.0,12975.726847285667,22669.32481489357,0.04066100350324703,0.03416381384873168,0.022612716695639447,0.010745869757923259,0.06327372019888647,0.04490968360665494,0.0015455380324381634,0.42100000000000004,0.11800000000000001,0.5389999999999999,U init EC regional,0.73
PMS2,"HSBO: 50, Survey: Never",42.315446258825915,23.04023920113913,47.36085618160198,0.0,0.9615222537047986,0.0,0.0,4256.433357214619,8900.955178386726,0.0,0.0,0.006789517384453046,0.0029204608177456704,0.006789517384453046,0.0029204608177456704,0.0016402221332388663,0.1278,0.04,0.1678,U init EC regional,0.73
PMS2,Nat Hist,41.56740768911365,22.822699446932383,46.75663310976222,0.6379460089735569,0.0,0.0,0.0,3829.402081877061,10923.091399544839,0.035257628024046916,0.02521496405110664,0.11499766073335005,0.033166795679711814,0.15025528875739694,0.05838175973081845,0.0,0.1278,0.04,0.1678,U init EC regional,0.73
MLH1,"HSBO: 40, Survey: Never",40.78445795023946,22.267289621499646,46.675395000461144,0.0,0.9496628970807018,0.0,0.0,8374.053299372994,13302.862514733419,0.019699110521807492,0.016561680234250423,0.0187055991075024,0.008887985711154069,0.038404709629309884,0.02544966594540449,0.0016228440892110108,0.37,0.12,0.49,U init EC regional,0.89
MLH1,"Hyst+Salp: 40, Oophorectomy: 50",41.12389564454173,22.552536389509257,46.207562876854595,0.0,0.8760799498300502,0.04749301336774374,0.0,13178.357514181027,23291.598577558307,0.04578904440471584,0.03802621636530136,0.0187055991075024,0.008887985711154069,0.06449464351221823,0.046914202076455434,0.0015446305014221306,0.37,0.12,0.49,U init EC regional,0.89
MSH2,"HSBO: 40, Survey: Never",40.685206114125485,22.226447705693353,46.57880990767861,0.0,0.9438427875400934,0.0,0.0,8722.309231542127,13886.415203337443,0.021629527416283524,0.018187060641255325,0.022623056632530204,0.01075058128058431,0.04425258404881373,0.028937641921839632,0.0016138904728619564,0.489,0.174,0.6629999999999999,U init EC regional,0.89
MSH2,"Hyst+Salp: 40, Oophorectomy: 50",40.53576014653245,22.33497902210422,45.62769476961987,0.0,0.8446470507106429,0.046187611344773005,0.0,15651.841278733742,28292.52029297344,0.07463765290096136,0.06120114727595315,0.022623056632530204,0.01075058128058431,0.09726070953349156,0.07195172855653746,0.0014938889298710231,0.489,0.174,0.6629999999999999,U init EC regional,0.89
MSH6,"HSBO: 40, Survey: Never",40.66135867684801,22.21639735431643,46.55363832871804,0.0,0.9428745626783764,0.0,0.0,8828.759779624597,14057.323622967335,0.022612716695639447,0.019014190968566082,0.022612716695639447,0.010745869757923259,0.045225433391278894,0.02976006072648934,0.001612400427456817,0.42100000000000004,0.11800000000000001,0.5389999999999999,U init EC regional,0.89
MSH6,"Hyst+Salp: 40, Oophorectomy: 50",41.1365611603051,22.5491394048819,46.2257541084722,0.0,0.8773780745668894,0.04744820130387981,0.0,12975.726847285667,22669.32481489357,0.04066100350324703,0.03416381384873168,0.022612716695639447,0.010745869757923259,0.06327372019888647,0.04490968360665494,0.0015455380324381634,0.42100000000000004,0.11800000000000001,0.5389999999999999,U init EC regional,0.89
PMS2,"HSBO: 50, Survey: Never",42.315626662912806,23.040348628993556,47.36085618160198,0.0,0.9615222537047986,0.0,0.0,4256.433357214619,8900.955178386726,0.0,0.0,0.006789517384453046,0.0029204608177456704,0.006789517384453046,0.0029204608177456704,0.0016402221332388663,0.1278,0.04,0.1678,U init EC regional,0.89
PMS2,Nat Hist,41.570425589092565,22.82382759524497,46.75663310976222,0.6379460089735569,0.0,0.0,0.0,3829.402081877061,10923.091399544839,0.035257628024046916,0.02521496405110664,0.11499766073335005,0.033166795679711814,0.15025528875739694,0.05838175973081845,0.0,0.1278,0.04,0.1678,U init EC regional,0.89
MLH1,"HSBO: 40, Survey: Never",40.78413604098919,22.267049784838587,46.675395000461144,0.0,0.9496628970807018,0.0,0.0,8374.053299372994,13302.862514733419,0.019699110521807492,0.016561680234250423,0.0187055991075024,0.008887985711154069,0.038404709629309884,0.02544966594540449,0.0016228440892110108,0.37,0.12,0.49,U init EC distant,0.49
MLH1,"Hyst+Salp: 40, Oophorectomy: 50",41.123573735291465,22.552296552848198,46.207562876854595,0.0,0.8760799498300502,0.04749301336774374,0.0,13178.357514181027,23291.598577558307,0.04578904440471584,0.03802621636530136,0.0187055991075024,0.008887985711154069,0.06449464351221823,0.046914202076455434,0.0015446305014221306,0.37,0.12,0.49,U init EC distant,0.49
MSH2,"HSBO: 40, Survey: Never",40.684816694454405,22.226157531370692,46.57880990767861,0.0,0.9438427875400934,0.0,0.0,8722.309231542127,13886.415203337443,0.021629527416283524,0.018187060641255325,0.022623056632530204,0.01075058128058431,0.04425258404881373,0.028937641921839632,0.0016138904728619564,0.489,0.174,0.6629999999999999,U init EC distant,0.49
MSH2,"Hyst+Salp: 40, Oophorectomy: 50",40.53537072686138,22.334688847781557,45.62769476961987,0.0,0.8446470507106429,0.046187611344773005,0.0,15651.841278733742,28292.52029297344,0.07463765290096136,0.06120114727595315,0.022623056632530204,0.01075058128058431,0.09726070953349156,0.07195172855653746,0.0014938889298710231,0.489,0.174,0.6629999999999999,U init EC distant,0.49
MSH6,"HSBO: 40, Survey: Never",40.66096941949522,22.216107294368808,46.55363832871804,0.0,0.9428745626783764,0.0,0.0,8828.759779624597,14057.323622967335,0.022612716695639447,0.019014190968566082,0.022612716695639447,0.010745869757923259,0.045225433391278894,0.02976006072648934,0.001612400427456817,0.42100000000000004,0.11800000000000001,0.5389999999999999,U init EC distant,0.49
MSH6,"Hyst+Salp: 40, Oophorectomy: 50",41.136171902952306,22.54884934493427,46.2257541084722,0.0,0.8773780745668894,0.04744820130387981,0.0,12975.726847285667,22669.32481489357,0.04066100350324703,0.03416381384873168,0.022612716695639447,0.010745869757923259,0.06327372019888647,0.04490968360665494,0.0015455380324381634,0.42100000000000004,0.11800000000000001,0.5389999999999999,U init EC distant,0.49
PMS2,"HSBO: 50, Survey: Never",42.31551342207176,23.040279697246365,47.36085618160198,0.0,0.9615222537047986,0.0,0.0,4256.433357214619,8900.955178386726,0.0,0.0,0.006789517384453046,0.0029204608177456704,0.006789517384453046,0.0029204608177456704,0.0016402221332388663,0.1278,0.04,0.1678,U init EC distant,0.49
PMS2,Nat Hist,41.56849969239549,22.823107658492862,46.75663310976222,0.6379460089735569,0.0,0.0,0.0,3829.402081877061,10923.091399544839,0.035257628024046916,0.02521496405110664,0.11499766073335005,0.033166795679711814,0.15025528875739694,0.05838175973081845,0.0,0.1278,0.04,0.1678,U init EC distant,0.49
MLH1,"HSBO: 40, Survey: Never",40.784392972395175,22.26724209344483,46.675395000461144,0.0,0.9496628970807018,0.0,0.0,8374.053299372994,13302.862514733419,0.019699110521807492,0.016561680234250423,0.0187055991075024,0.008887985711154069,0.038404709629309884,0.02544966594540449,0.0016228440892110108,0.37,0.12,0.49,U init EC distant,0.69
MLH1,"Hyst+Salp: 40, Oophorectomy: 50",41.123830666697444,22.55248886145444,46.207562876854595,0.0,0.8760799498300502,0.04749301336774374,0.0,13178.357514181027,23291.598577558307,0.04578904440471584,0.03802621636530136,0.0187055991075024,0.008887985711154069,0.06449464351221823,0.046914202076455434,0.0015446305014221306,0.37,0.12,0.49,U init EC distant,0.69
MSH2,"HSBO: 40, Survey: Never",40.685127540576104,22.2263902233413,46.57880990767861,0.0,0.9438427875400934,0.0,0.0,8722.309231542127,13886.415203337443,0.021629527416283524,0.018187060641255325,0.022623056632530204,0.01075058128058431,0.04425258404881373,0.028937641921839632,0.0016138904728619564,0.489,0.174,0.6629999999999999,U init EC distant,0.69
MSH2,"Hyst+Salp: 40, Oophorectomy: 50",40.53568157298308,22.33492153975217,45.62769476961987,0.0,0.8446470507106429,0.046187611344773005,0.0,15651.841278733742,28292.52029297344,0.07463765290096136,0.06120114727595315,0.022623056632530204,0.01075058128058431,0.09726070953349156,0.07195172855653746,0.0014938889298710231,0.489,0.174,0.6629999999999999,U init EC distant,0.69
MSH6,"HSBO: 40, Survey: Never",40.661280141278624,22.216339898128002,46.55363832871804,0.0,0.9428745626783764,0.0,0.0,8828.759779624597,14057.323622967335,0.022612716695639447,0.019014190968566082,0.022612716695639447,0.010745869757923259,0.045225433391278894,0.02976006072648934,0.001612400427456817,0.42100000000000004,0.11800000000000001,0.5389999999999999,U init EC distant,0.69
MSH6,"Hyst+Salp: 40, Oophorectomy: 50",41.1364826247357,22.54908194869347,46.2257541084722,0.0,0.8773780745668894,0.04744820130387981,0.0,12975.726847285667,22669.32481489357,0.04066100350324703,0.03416381384873168,0.022612716695639447,0.010745869757923259,0.06327372019888647,0.04490968360665494,0.0015455380324381634,0.42100000000000004,0.11800000000000001,0.5389999999999999,U init EC distant,0.69
PMS2,"HSBO: 50, Survey: Never",42.31560460068871,23.040335489849934,47.36085618160198,0.0,0.9615222537047986,0.0,0.0,4256.433357214619,8900.955178386726,0.0,0.0,0.006789517384453046,0.0029204608177456704,0.006789517384453046,0.0029204608177456704,0.0016402221332388663,0.1278,0.04,0.1678,U init EC distant,0.69
PMS2,Nat Hist,41.57008806080546,22.82370142076263,46.75663310976222,0.6379460089735569,0.0,0.0,0.0,3829.402081877061,10923.091399544839,0.035257628024046916,0.02521496405110664,0.11499766073335005,0.033166795679711814,0.15025528875739694,0.05838175973081845,0.0,0.1278,0.04,0.1678,U init EC distant,0.69
MLH1,"HSBO: 40, Survey: Never",40.74768155398629,22.250432138925675,46.675395000461144,0.0,0.9496628970807018,0.0,0.0,8374.053299372994,13302.862514733419,0.019699110521807492,0.016561680234250423,0.0187055991075024,0.008887985711154069,0.038404709629309884,0.02544966594540449,0.0016228440892110108,0.37,0.12,0.49,U EC local,0.73
MLH1,"Hyst+Salp: 40, Oophorectomy: 50",41.08711924828857,22.535678906935274,46.207562876854595,0.0,0.8760799498300502,0.04749301336774374,0.0,13178.357514181027,23291.598577558307,0.04578904440471584,0.03802621636530136,0.0187055991075024,0.008887985711154069,0.06449464351221823,0.046914202076455434,0.0015446305014221306,0.37,0.12,0.49,U EC local,0.73
MSH2,"HSBO: 40, Survey: Never",40.64072440399332,22.206056099615946,46.57880990767861,0.0,0.9438427875400934,0.0,0.0,8722.309231542127,13886.415203337443,0.021629527416283524,0.018187060641255325,0.022623056632530204,0.01075058128058431,0.04425258404881373,0.028937641921839632,0.0016138904728619564,0.489,0.174,0.6629999999999999,U EC local,0.73
MSH2,"Hyst+Salp: 40, Oophorectomy: 50",40.491278436400286,22.31458741602682,45.62769476961987,0.0,0.8446470507106429,0.046187611344773005,0.0,15651.841278733742,28292.52029297344,0.07463765290096136,0.06120114727595315,0.022623056632530204,0.01075058128058431,0.09726070953349156,0.07195172855653746,0.0014938889298710231,0.489,0.174,0.6629999999999999,U EC local,0.73
MSH6,"HSBO: 40, Survey: Never",40.61689673894278,22.196014448754468,46.55363832871804,0.0,0.9428745626783764,0.0,0.0,8828.759779624597,14057.323622967335,0.022612716695639447,0.019014190968566082,0.022612716695639447,0.010745869757923259,0.045225433391278894,0.02976006072648934,0.001612400427456817,0.42100000000000004,0.11800000000000001,0.5389999999999999,U EC local,0.73
MSH6,"Hyst+Salp: 40, Oophorectomy: 50",41.09209922239987,22.52875649931991,46.2257541084722,0.0,0.8773780745668894,0.04744820130387981,0.0,12975.726847285667,22669.32481489357,0.04066100350324703,0.03416381384873168,0.022612716695639447,0.010745869757923259,0.06327372019888647,0.04490968360665494,0.0015455380324381634,0.42100000000000004,0.11800000000000001,0.5389999999999999,U EC local,0.73
PMS2,"HSBO: 50, Survey: Never",42.304585669289246,23.035889916118332,47.36085618160198,0.0,0.9615222537047986,0.0,0.0,4256.433357214619,8900.955178386726,0.0,0.0,0.006789517384453046,0.0029204608177456704,0.006789517384453046,0.0029204608177456704,0.0016402221332388663,0.1278,0.04,0.1678,U EC local,0.73
PMS2,Nat Hist,41.47541381703659,22.794042577051837,46.75663310976222,0.6379460089735569,0.0,0.0,0.0,3829.402081877061,10923.091399544839,0.035257628024046916,0.02521496405110664,0.11499766073335005,0.033166795679711814,0.15025528875739694,0.05838175973081845,0.0,0.1278,0.04,0.1678,U EC local,0.73
MLH1,"HSBO: 40, Survey: Never",40.806214278315736,22.277174219271334,46.675395000461144,0.0,0.9496628970807018,0.0,0.0,8374.053299372994,13302.862514733419,0.019699110521807492,0.016561680234250423,0.0187055991075024,0.008887985711154069,0.038404709629309884,0.02544966594540449,0.0016228440892110108,0.37,0.12,0.49,U EC local,0.89
MLH1,"Hyst+Salp: 40, Oophorectomy: 50",41.14565197261801,22.562420987280934,46.207562876854595,0.0,0.8760799498300502,0.04749301336774374,0.0,13178.357514181027,23291.598577558307,0.04578904440471584,0.03802621636530136,0.0187055991075024,0.008887985711154069,0.06449464351221823,0.046914202076455434,0.0015446305014221306,0.37,0.12,0.49,U EC local,0.89
MSH2,"HSBO: 40, Survey: Never",40.7115207456284,22.23840454400003,46.57880990767861,0.0,0.9438427875400934,0.0,0.0,8722.309231542127,13886.415203337443,0.021629527416283524,0.018187060641255325,0.022623056632530204,0.01075058128058431,0.04425258404881373,0.028937641921839632,0.0016138904728619564,0.489,0.174,0.6629999999999999,U EC local,0.89
MSH2,"Hyst+Salp: 40, Oophorectomy: 50",40.56207477803536,22.346935860410913,45.62769476961987,0.0,0.8446470507106429,0.046187611344773005,0.0,15651.841278733742,28292.52029297344,0.07463765290096136,0.06120114727595315,0.022623056632530204,0.01075058128058431,0.09726070953349156,0.07195172855653746,0.0014938889298710231,0.489,0.174,0.6629999999999999,U EC local,0.89
MSH6,"HSBO: 40, Survey: Never",40.68766160525341,22.228349084744774,46.55363832871804,0.0,0.9428745626783764,0.0,0.0,8828.759779624597,14057.323622967335,0.022612716695639447,0.019014190968566082,0.022612716695639447,0.010745869757923259,0.045225433391278894,0.02976006072648934,0.001612400427456817,0.42100000000000004,0.11800000000000001,0.5389999999999999,U EC local,0.89
MSH6,"Hyst+Salp: 40, Oophorectomy: 50",41.16286408871049,22.561091135310217,46.2257541084722,0.0,0.8773780745668894,0.04744820130387981,0.0,12975.726847285667,22669.32481489357,0.04066100350324703,0.03416381384873168,0.022612716695639447,0.010745869757923259,0.06327372019888647,0.04490968360665494,0.0015455380324381634,0.42100000000000004,0.11800000000000001,0.5389999999999999,U EC local,0.89
PMS2,"HSBO: 50, Survey: Never",42.3221430166348,23.042958200006005,47.36085618160198,0.0,0.9615222537047986,0.0,0.0,4256.433357214619,8900.955178386726,0.0,0.0,0.006789517384453046,0.0029204608177456704,0.006789517384453046,0.0029204608177456704,0.0016402221332388663,0.1278,0.04,0.1678,U EC local,0.89
PMS2,Nat Hist,41.62562191233881,22.841021717173277,46.75663310976222,0.6379460089735569,0.0,0.0,0.0,3829.402081877061,10923.091399544839,0.035257628024046916,0.02521496405110664,0.11499766073335005,0.033166795679711814,0.15025528875739694,0.05838175973081845,0.0,0.1278,0.04,0.1678,U EC local,0.89
MLH1,"HSBO: 40, Survey: Never",40.78064286818114,22.26515347673427,46.675395000461144,0.0,0.9496628970807018,0.0,0.0,8374.053299372994,13302.862514733419,0.019699110521807492,0.016561680234250423,0.0187055991075024,0.008887985711154069,0.038404709629309884,0.02544966594540449,0.0016228440892110108,0.37,0.12,0.49,U EC regional,0.73
MLH1,"Hyst+Salp: 40, Oophorectomy: 50",41.12008056248344,22.550400244743884,46.207562876854595,0.0,0.8760799498300502,0.04749301336774374,0.0,13178.357514181027,23291.598577558307,0.04578904440471584,0.03802621636530136,0.0187055991075024,0.008887985711154069,0.06449464351221823,0.046914202076455434,0.0015446305014221306,0.37,0.12,0.49,U EC regional,0.73
MSH2,"HSBO: 40, Survey: Never",40.68059142263688,22.223863494646878,46.57880990767861,0.0,0.9438427875400934,0.0,0.0,8722.309231542127,13886.415203337443,0.021629527416283524,0.018187060641255325,0.022623056632530204,0.01075058128058431,0.04425258404881373,0.028937641921839632,0.0016138904728619564,0.489,0.174,0.6629999999999999,U EC regional,0.73
MSH2,"Hyst+Salp: 40, Oophorectomy: 50",40.53114545504384,22.332394811057746,45.62769476961987,0.0,0.8446470507106429,0.046187611344773005,0.0,15651.841278733742,28292.52029297344,0.07463765290096136,0.06120114727595315,0.022623056632530204,0.01075058128058431,0.09726070953349156,0.07195172855653746,0.0014938889298710231,0.489,0.174,0.6629999999999999,U EC regional,0.73
MSH6,"HSBO: 40, Survey: Never",40.65674598973774,22.2138142076192,46.55363832871804,0.0,0.9428745626783764,0.0,0.0,8828.759779624597,14057.323622967335,0.022612716695639447,0.019014190968566082,0.022612716695639447,0.010745869757923259,0.045225433391278894,0.02976006072648934,0.001612400427456817,0.42100000000000004,0.11800000000000001,0.5389999999999999,U EC regional,0.73
MSH6,"Hyst+Salp: 40, Oophorectomy: 50",41.13194847319482,22.54655625818465,46.2257541084722,0.0,0.8773780745668894,0.04744820130387981,0.0,12975.726847285667,22669.32481489357,0.04066100350324703,0.03416381384873168,0.022612716695639447,0.010745869757923259,0.06327372019888647,0.04490968360665494,0.0015455380324381634,0.42100000000000004,0.11800000000000001,0.5389999999999999,U EC regional,0.73
PMS2,"HSBO: 50, Survey: Never",42.314324509188026,23.03973940541614,47.36085618160198,0.0,0.9615222537047986,0.0,0.0,4256.433357214619,8900.955178386726,0.0,0.0,0.006789517384453046,0.0029204608177456704,0.006789517384453046,0.0029204608177456704,0.0016402221332388663,0.1278,0.04,0.1678,U EC regional,0.73
PMS2,Nat Hist,41.554800656185314,22.818702943967654,46.75663310976222,0.6379460089735569,0.0,0.0,0.0,3829.402081877061,10923.091399544839,0.035257628024046916,0.02521496405110664,0.11499766073335005,0.033166795679711814,0.15025528875739694,0.05838175973081845,0.0,0.1278,0.04,0.1678,U EC regional,0.73
MLH1,"HSBO: 40, Survey: Never",40.786437489798814,22.268341416586168,46.675395000461144,0.0,0.9496628970807018,0.0,0.0,8374.053299372994,13302.862514733419,0.019699110521807492,0.016561680234250423,0.0187055991075024,0.008887985711154069,0.038404709629309884,0.02544966594540449,0.0016228440892110108,0.37,0.12,0.49,U EC regional,0.89
MLH1,"Hyst+Salp: 40, Oophorectomy: 50",41.1258751841011,22.55358818459579,46.207562876854595,0.0,0.8760799498300502,0.04749301336774374,0.0,13178.357514181027,23291.598577558307,0.04578904440471584,0.03802621636530136,0.0187055991075024,0.008887985711154069,0.06449464351221823,0.046914202076455434,0.0015446305014221306,0.37,0.12,0.49,U EC regional,0.89
MSH2,"HSBO: 40, Survey: Never",40.68760053444228,22.227720106981476,46.57880990767861,0.0,0.9438427875400934,0.0,0.0,8722.309231542127,13886.415203337443,0.021629527416283524,0.018187060641255325,0.022623056632530204,0.01075058128058431,0.04425258404881373,0.028937641921839632,0.0016138904728619564,0.489,0.174,0.6629999999999999,U EC regional,0.89
MSH2,"Hyst+Salp: 40, Oophorectomy: 50",40.53815456684923,22.336251423392355,45.62769476961987,0.0,0.8446470507106429,0.046187611344773005,0.0,15651.841278733742,28292.52029297344,0.07463765290096136,0.06120114727595315,0.022623056632530204,0.01075058128058431,0.09726070953349156,0.07195172855653746,0.0014938889298710231,0.489,0.174,0.6629999999999999,U EC regional,0.89
MSH6,"HSBO: 40, Survey: Never",40.663752054776396,22.21766922942593,46.55363832871804,0.0,0.9428745626783764,0.0,0.0,8828.759779624597,14057.323622967335,0.022612716695639447,0.019014190968566082,0.022612716695639447,0.010745869757923259,0.045225433391278894,0.02976006072648934,0.001612400427456817,0.42100000000000004,0.11800000000000001,0.5389999999999999,U EC regional,0.89
MSH6,"Hyst+Salp: 40, Oophorectomy: 50",41.1389545382335,22.55041127999137,46.2257541084722,0.0,0.8773780745668894,0.04744820130387981,0.0,12975.726847285667,22669.32481489357,0.04066100350324703,0.03416381384873168,0.022612716695639447,0.010745869757923259,0.06327372019888647,0.04490968360665494,0.0015455380324381634,0.42100000000000004,0.11800000000000001,0.5389999999999999,U EC regional,0.89
PMS2,"HSBO: 50, Survey: Never",42.31629971269553,23.040648506427324,47.36085618160198,0.0,0.9615222537047986,0.0,0.0,4256.433357214619,8900.955178386726,0.0,0.0,0.006789517384453046,0.0029204608177456704,0.006789517384453046,0.0029204608177456704,0.0016402221332388663,0.1278,0.04,0.1678,U EC regional,0.89
PMS2,Nat Hist,41.57798980884956,22.826225497023806,46.75663310976222,0.6379460089735569,0.0,0.0,0.0,3829.402081877061,10923.091399544839,0.035257628024046916,0.02521496405110664,0.11499766073335005,0.033166795679711814,0.15025528875739694,0.05838175973081845,0.0,0.1278,0.04,0.1678,U EC regional,0.89
MLH1,"HSBO: 40, Survey: Never",40.78397664850963,22.266950058165488,46.675395000461144,0.0,0.9496628970807018,0.0,0.0,8374.053299372994,13302.862514733419,0.019699110521807492,0.016561680234250423,0.0187055991075024,0.008887985711154069,0.038404709629309884,0.02544966594540449,0.0016228440892110108,0.37,0.12,0.49,U EC distant,0.49
MLH1,"Hyst+Salp: 40, Oophorectomy: 50",41.12341434281189,22.5521968261751,46.207562876854595,0.0,0.8760799498300502,0.04749301336774374,0.0,13178.357514181027,23291.598577558307,0.04578904440471584,0.03802621636530136,0.0187055991075024,0.008887985711154069,0.06449464351221823,0.046914202076455434,0.0015446305014221306,0.37,0.12,0.49,U EC distant,0.49
MSH2,"HSBO: 40, Survey: Never",40.684623868005616,22.226036871077145,46.57880990767861,0.0,0.9438427875400934,0.0,0.0,8722.309231542127,13886.415203337443,0.021629527416283524,0.018187060641255325,0.022623056632530204,0.01075058128058431,0.04425258404881373,0.028937641921839632,0.0016138904728619564,0.489,0.174,0.6629999999999999,U EC distant,0.49
MSH2,"Hyst+Salp: 40, Oophorectomy: 50",40.53517790041258,22.334568187488028,45.62769476961987,0.0,0.8446470507106429,0.046187611344773005,0.0,15651.841278733742,28292.52029297344,0.07463765290096136,0.06120114727595315,0.022623056632530204,0.01075058128058431,0.09726070953349156,0.07195172855653746,0.0014938889298710231,0.489,0.174,0.6629999999999999,U EC distant,0.49
MSH6,"HSBO: 40, Survey: Never",40.66077667236094,22.21598668118972,46.55363832871804,0.0,0.9428745626783764,0.0,0.0,8828.759779624597,14057.323622967335,0.022612716695639447,0.019014190968566082,0.022612716695639447,0.010745869757923259,0.045225433391278894,0.02976006072648934,0.001612400427456817,0.42100000000000004,0.11800000000000001,0.5389999999999999,U EC distant,0.49
MSH6,"Hyst+Salp: 40, Oophorectomy: 50",41.13597915581803,22.54872873175517,46.2257541084722,0.0,0.8773780745668894,0.04744820130387981,0.0,12975.726847285667,22669.32481489357,0.04066100350324703,0.03416381384873168,0.022612716695639447,0.010745869757923259,0.06327372019888647,0.04490968360665494,0.0015455380324381634,0.42100000000000004,0.11800000000000001,0.5389999999999999,U EC distant,0.49
PMS2,"HSBO: 50, Survey: Never",42.31545526270073,23.040249912767266,47.36085618160198,0.0,0.9615222537047986,0.0,0.0,4256.433357214619,8900.955178386726,0.0,0.0,0.006789517384453046,0.0029204608177456704,0.006789517384453046,0.0029204608177456704,0.0016402221332388663,0.1278,0.04,0.1678,U EC distant,0.49
PMS2,Nat Hist,41.56761139702432,22.822817092402843,46.75663310976222,0.6379460089735569,0.0,0.0,0.0,3829.402081877061,10923.091399544839,0.035257628024046916,0.02521496405110664,0.11499766073335005,0.033166795679711814,0.15025528875739694,0.05838175973081845,0.0,0.1278,0.04,0.1678,U EC distant,0.49
MLH1,"HSBO: 40, Survey: Never",40.784552364874756,22.267341820117938,46.675395000461144,0.0,0.9496628970807018,0.0,0.0,8374.053299372994,13302.862514733419,0.019699110521807492,0.016561680234250423,0.0187055991075024,0.008887985711154069,0.038404709629309884,0.02544966594540449,0.0016228440892110108,0.37,0.12,0.49,U EC distant,0.69
MLH1,"Hyst+Salp: 40, Oophorectomy: 50",41.12399005917703,22.552588588127545,46.207562876854595,0.0,0.8760799498300502,0.04749301336774374,0.0,13178.357514181027,23291.598577558307,0.04578904440471584,0.03802621636530136,0.0187055991075024,0.008887985711154069,0.06449464351221823,0.046914202076455434,0.0015446305014221306,0.37,0.12,0.49,U EC distant,0.69
MSH2,"HSBO: 40, Survey: Never",40.685320367024886,22.22651088363485,46.57880990767861,0.0,0.9438427875400934,0.0,0.0,8722.309231542127,13886.415203337443,0.021629527416283524,0.018187060641255325,0.022623056632530204,0.01075058128058431,0.04425258404881373,0.028937641921839632,0.0016138904728619564,0.489,0.174,0.6629999999999999,U EC distant,0.69
MSH2,"Hyst+Salp: 40, Oophorectomy: 50",40.53587439943186,22.335042200045734,45.62769476961987,0.0,0.8446470507106429,0.046187611344773005,0.0,15651.841278733742,28292.52029297344,0.07463765290096136,0.06120114727595315,0.022623056632530204,0.01075058128058431,0.09726070953349156,0.07195172855653746,0.0014938889298710231,0.489,0.174,0.6629999999999999,U EC distant,0.69
MSH6,"HSBO: 40, Survey: Never",40.6614728884129,22.216460511307094,46.55363832871804,0.0,0.9428745626783764,0.0,0.0,8828.759779624597,14057.323622967335,0.022612716695639447,0.019014190968566082,0.022612716695639447,0.010745869757923259,0.045225433391278894,0.02976006072648934,0.001612400427456817,0.42100000000000004,0.11800000000000001,0.5389999999999999,U EC distant,0.69
MSH6,"Hyst+Salp: 40, Oophorectomy: 50",41.136675371869984,22.54920256187254,46.2257541084722,0.0,0.8773780745668894,0.04744820130387981,0.0,12975.726847285667,22669.32481489357,0.04066100350324703,0.03416381384873168,0.022612716695639447,0.010745869757923259,0.06327372019888647,0.04490968360665494,0.0015455380324381634,0.42100000000000004,0.11800000000000001,0.5389999999999999,U EC distant,0.69
PMS2,"HSBO: 50, Survey: Never",42.315662760059745,23.04036527432901,47.36085618160198,0.0,0.9615222537047986,0.0,0.0,4256.433357214619,8900.955178386726,0.0,0.0,0.006789517384453046,0.0029204608177456704,0.006789517384453046,0.0029204608177456704,0.0016402221332388663,0.1278,0.04,0.1678,U EC distant,0.69
PMS2,Nat Hist,41.57097635617663,22.823991986852647,46.75663310976222,0.6379460089735569,0.0,0.0,0.0,3829.402081877061,10923.091399544839,0.035257628024046916,0.02521496405110664,0.11499766073335005,0.033166795679711814,0.15025528875739694,0.05838175973081845,0.0,0.1278,0.04,0.1678,U EC distant,0.69
