healthy,init HSBO,init hysterectomy,surgical comps,HSBO,hysterectomy,gyn surveillance,undetected OC,undetected EC,init OC local,init OC regional,init OC distant,OC local,OC regional,OC distant,init EC local,init EC regional,init EC distant,EC local,EC regional,EC distant,OC death,EC death,AC death OC,AC death EC,HSBO death comps,hysterectomy death comps,AC death HSBO,AC death hysterectomy,AC death,new EC death,new OC death,HSBO age,age survey,age hysterectomy,age oophorectomy,strategy,gene,oc risk level,ec risk level,OC incidence,EC incidence,Cancer Incidence,Cancer Mortality,overall survival,total AC death,age,HSBO total,HSBO false positive,hysterectomy total,lifetime oc risk,lifetime ec risk,lifetime total risk,changed param,param value,fname
1.0,0.0,0.0,0.0,0.0,0.0,0.0,0.0,0.0,0.0,0.0,0.0,0.0,0.0,0.0,0.0,0.0,0.0,0.0,0.0,0.0,0.0,0.0,0.0,0.0,0.0,0.0,0.0,0.0,0.0,0.0,0.0,Never,35,Never,Never,"HSBO: Never, Survey: 35",PMS2,0,0,0.0,0.0,0.0,0.0,1.0,0.0,25.0,0.0,0.0,0.0,0.04,0.1278,0.1678,na,na,PMS2_hsbo_never_survey35_ec_risk_0_oc_risk_0_05_20_21
0.999448,0.0,0.0,0.0,0.0,0.0,0.0,0.0,0.0,0.0,0.0,0.0,0.0,0.0,0.0,0.0,0.0,0.0,0.0,0.0,0.0,0.0,0.0,0.0,0.0,0.0,0.0,0.0,0.0,0.000552,0.0,0.0,Never,35,Never,Never,"HSBO: Never, Survey: 35",PMS2,0,0,0.0,0.0,0.0,0.0,0.999448,0.000552,26.0,0.0,0.0,0.0,0.04,0.1278,0.1678,na,na,PMS2_hsbo_never_survey35_ec_risk_0_oc_risk_0_05_20_21
0.998896304704,0.0,0.0,0.0,0.0,0.0,0.0,0.0,0.0,0.0,0.0,0.0,0.0,0.0,0.0,0.0,0.0,0.0,0.0,0.0,0.0,0.0,0.0,0.0,0.0,0.0,0.0,0.0,0.0,0.001103695296,0.0,0.0,Never,35,Never,Never,"HSBO: Never, Survey: 35",PMS2,0,0,0.0,0.0,0.0,0.0,0.998896304704,0.001103695296,27.0,0.0,0.0,0.0,0.04,0.1278,0.1678,na,na,PMS2_hsbo_never_survey35_ec_risk_0_oc_risk_0_05_20_21
0.9983149470546623,0.0,0.0,0.0,0.0,0.0,0.0,0.0,0.0,0.0,0.0,0.0,0.0,0.0,0.0,0.0,0.0,0.0,0.0,0.0,0.0,0.0,0.0,0.0,0.0,0.0,0.0,0.0,0.0,0.001685052945337728,0.0,0.0,Never,35,Never,Never,"HSBO: Never, Survey: 35",PMS2,0,0,0.0,0.0,0.0,0.0,0.9983149470546623,0.001685052945337728,28.0,0.0,0.0,0.0,0.04,0.1278,0.1678,na,na,PMS2_hsbo_never_survey35_ec_risk_0_oc_risk_0_05_20_21
0.9977029799921178,0.0,0.0,0.0,0.0,0.0,0.0,0.0,0.0,0.0,0.0,0.0,0.0,0.0,0.0,0.0,0.0,0.0,0.0,0.0,0.0,0.0,0.0,0.0,0.0,0.0,0.0,0.0,0.0,0.002297020007882236,0.0,0.0,Never,35,Never,Never,"HSBO: Never, Survey: 35",PMS2,0,0,0.0,0.0,0.0,0.0,0.9977029799921178,0.002297020007882236,29.0,0.0,0.0,0.0,0.04,0.1278,0.1678,na,na,PMS2_hsbo_never_survey35_ec_risk_0_oc_risk_0_05_20_21
0.9970604592730029,0.0,0.0,0.0,0.0,0.0,0.0,0.0,0.0,0.0,0.0,0.0,0.0,0.0,0.0,0.0,0.0,0.0,0.0,0.0,0.0,0.0,0.0,0.0,0.0,0.0,0.0,0.0,0.0,0.00293954072699716,0.0,0.0,Never,35,Never,Never,"HSBO: Never, Survey: 35",PMS2,0,0,0.0,0.0,0.0,0.0,0.9970604592730028,0.00293954072699716,30.0,0.0,0.0,0.0,0.04,0.1278,0.1678,na,na,PMS2_hsbo_never_survey35_ec_risk_0_oc_risk_0_05_20_21
0.9961948486267066,0.0,0.0,0.0,0.0,0.0,0.0,0.0,0.0,0.0,0.0,0.0,0.0,0.0,0.0,0.00013841066808377786,3.60246944327641e-05,1.5168292392742779e-05,0.0,0.0,0.0,0.0,0.0,0.0,0.0,0.0,0.0,0.0,0.0,0.003615547718384256,0.0,0.0,Never,35,Never,Never,"HSBO: Never, Survey: 35",PMS2,0,0,0.0,0.00018960365490928473,0.00018960365490928473,0.0,0.9963844522816158,0.003615547718384256,31.0,0.0,0.0,0.0,0.04,0.1278,0.1678,na,na,PMS2_hsbo_never_survey35_ec_risk_0_oc_risk_0_05_20_21
0.9952921340669912,0.0,0.0,0.0,0.0,0.0,0.0,0.0,0.0,0.0,0.0,0.0,0.0,0.0,0.0,0.00013829050511197406,3.599341913873298e-05,1.515512384788757e-05,0.00013689891655011707,3.342220395831894e-05,1.0606059581647196e-05,0.0,8.540718602286493e-06,0.0,1.3575621691504787e-07,0.0,0.0,0.0,0.0,0.004328823230000977,8.540718602286493e-06,0.0,Never,35,Never,Never,"HSBO: Never, Survey: 35",PMS2,0,0,0.0,0.0003790427030078794,0.0003790427030078794,8.540718602286493e-06,0.9956625002951798,0.004328958986217892,32.0,0.0,0.0,0.0,0.04,0.1278,0.1678,na,na,PMS2_hsbo_never_survey35_ec_risk_0_oc_risk_0_05_20_21
0.994349430535993,0.0,0.0,0.0,0.0,0.0,0.0,0.0,0.0,0.0,0.0,0.0,0.0,0.0,0.0,0.00013816519142197952,3.596080324681658e-05,1.514139084076488e-05,0.0002721724599549783,6.439806421209979e-05,1.801182482468729e-05,0.0,2.4044230564460152e-05,0.0,4.1612345165387695e-07,0.0,0.0,0.0,0.0,0.00508225937548969,1.550351196217366e-05,0.0,Never,35,Never,Never,"HSBO: Never, Survey: 35",PMS2,0,0,0.0,0.0005683100885174404,0.0005683100885174404,2.4044230564460152e-05,0.9948932802704942,0.005082675498941344,33.0,0.0,0.0,0.0,0.04,0.1278,0.1678,na,na,PMS2_hsbo_never_survey35_ec_risk_0_oc_risk_0_05_20_21
0.9933598911258996,0.0,0.0,0.0,0.0,0.0,0.0,0.0,0.0,0.0,0.0,0.0,0.0,0.0,0.0,0.00013803432651372156,3.5926742517269995e-05,1.5127049480955787e-05,0.0004058193339155977,9.309982554097553e-05,2.3178629172962062e-05,0.0,4.5358377399977624e-05,0.0,8.539224879274447e-07,0.0,0.0,0.0,0.0,0.005882710667071165,2.1314146835517472e-05,0.0,Never,35,Never,Never,"HSBO: Never, Survey: 35",PMS2,0,0,0.0,0.0007573982070293877,0.0007573982070293877,4.5358377399977624e-05,0.994071077033041,0.0058835645895590925,34.0,0.0,0.0,0.0,0.04,0.1278,0.1678,na,na,PMS2_hsbo_never_survey35_ec_risk_0_oc_risk_0_05_20_21
0.0,0.055782043408277526,0.0,0.0017311134154562233,0.0,0.0,0.9347056206089067,0.0,1.698637420141923e-05,0.0,0.0,0.0,0.0,0.0,0.0,0.00014783309701933323,2.2346863502922465e-05,1.718989500224805e-06,0.0005378352570926781,0.00011968687060440674,2.6778798234632487e-05,0.0,7.163173872960137e-05,0.0,1.4655423680691197e-06,9.793886266688107e-05,0.0,0.0,0.0,0.006737000173439439,2.6273361329623744e-05,0.0,Never,35,Never,Never,"HSBO: Never, Survey: 35",PMS2,0,0,0.0,0.0009292971570518683,0.0009292971570518683,7.163173872960137e-05,0.9930919636827961,0.006738465715807508,35.0,0.05587998227094441,0.05587998227094441,0.0,0.04,0.1278,0.1678,na,na,PMS2_hsbo_never_survey35_ec_risk_0_oc_risk_0_05_20_21
0.0,0.052488317646558535,0.0,0.0016288974960569811,0.057459957153671797,0.0,0.8794539155399519,0.0,1.5982351080907673e-05,0.0,0.0,0.0,0.0,0.0,0.0,0.00015149267613632472,2.4251788641144294e-05,2.9751423981257517e-06,0.0006780360299720673,0.000131743269725265,1.9920429005259952e-05,0.0,9.733990109594937e-05,0.0,2.2575272533267528e-06,0.0001900947934917297,0.0,5.319967006195105e-05,0.0,0.007601618584898814,2.5708162366348006e-05,0.0,Never,35,Never,Never,"HSBO: Never, Survey: 35",PMS2,0,0,0.0,0.0011080167642274633,0.0011080167642274633,9.733990109594937e-05,0.9920554895231982,0.007657075782214092,36.0,0.11019156926378403,0.11019156926378403,0.0,0.04,0.1278,0.1678,na,na,PMS2_hsbo_never_survey35_ec_risk_0_oc_risk_0_05_20_21
0.0,0.04938566266917213,0.0,0.0015326111765406078,0.11146559512399103,0.0,0.8274022550769027,0.0,1.503648397007598e-05,0.0,0.0,0.0,0.0,0.0,0.0,0.00014253691235797502,2.281801728433708e-05,2.799186977283833e-06,0.0008202328263308314,0.00014468138458288802,1.6002669169759836e-05,0.0,0.0001238339375547789,0.0,3.26594658920494e-06,0.00027680326342833356,0.0,0.00016477684235823847,0.0,0.008481088482789848,2.6494036458829534e-05,0.0,Never,35,Never,Never,"HSBO: Never, Survey: 35",PMS2,0,0,0.0,0.0012761708808470588,0.0012761708808470588,0.0001238339375547789,0.9909502315272796,0.008649131271737292,37.0,0.16129283789894974,0.16129283789894974,0.0,0.04,0.1278,0.1678,na,na,PMS2_hsbo_never_survey35_ec_risk_0_oc_risk_0_05_20_21
0.0,0.04646270593479888,0.0,0.0014419015268664832,0.16220833200734752,0.0,0.7783643235705228,0.0,1.414538246725838e-05,0.0,0.0,0.0,0.0,0.0,0.0,0.00013409983566481091,2.1467284138712053e-05,2.6334214799985177e-06,0.0009519027464630649,0.00015533779837206043,1.3139877995603685e-05,0.0,0.00015128236567968912,0.0,4.5080923366409645e-06,0.00035837977618485075,0.0,0.00034031380471448804,0.0,0.00937552657496715,2.744842812491021e-05,0.0,Never,35,Never,Never,"HSBO: Never, Survey: 35",PMS2,0,0,0.0,0.0014343714221305807,0.0014343714221305807,0.00015128236567968912,0.9897699893861172,0.009720348472018279,38.0,0.20936973152304575,0.20936973152304575,0.0,0.04,0.1278,0.1678,na,na,PMS2_hsbo_never_survey35_ec_risk_0_oc_risk_0_05_20_21
0.0,0.043708984903400465,0.0,0.0013564438575411183,0.2098681578945315,0.0,0.7321673583831855,0.0,1.3305904262932286e-05,0.0,0.0,0.0,0.0,0.0,0.0,0.0001261512793105688,2.019476299127535e-05,2.477256201804367e-06,0.0010736534096780054,0.00016395297125511556,1.1022013859853409e-05,0.0,0.00017974538817777202,0.0,5.997639159834066e-06,0.000435121465951054,0.0,0.000585095379195882,0.0,0.010282337491297384,2.8463022498082907e-05,0.0,Never,35,Never,Never,"HSBO: Never, Survey: 35",PMS2,0,0,0.0,0.0015831947206342292,0.0015831947206342292,0.00017974538817777202,0.9885117026362181,0.0108734305096531,39.0,0.2545973596430789,0.2545973596430789,0.0,0.04,0.1278,0.1678,na,na,PMS2_hsbo_never_survey35_ec_risk_0_oc_risk_0_05_20_21
0.0,0.041114798103196626,0.0,0.0012759370977015185,0.2546144098049804,0.0,0.688648547488438,0.0,1.251509084447072e-05,0.0,0.0,0.0,0.0,0.0,0.0,0.00011866323730309609,1.8995969942385995e-05,2.3301406478893716e-06,0.0011860570649291683,0.000170745858561722,9.431800696427204e-06,0.0,0.0002092127477670701,0.0,7.747248679841438e-06,0.0005073084336376481,0.0,0.0009042722296885423,0.0,0.01119902768298527,2.946735958929807e-05,0.0,Never,35,Never,Never,"HSBO: Never, Survey: 35",PMS2,0,0,0.0,0.0017231840685276007,0.0017231840685276007,0.0002092127477670701,0.9871724316572417,0.012111047161353652,40.0,0.2971407885715032,0.2971407885715032,0.0,0.04,0.1278,0.1678,na,na,PMS2_hsbo_never_survey35_ec_risk_0_oc_risk_0_05_20_21
0.0,0.038666843138391034,0.0,0.0011999684271207134,0.2966044850652656,0.0,0.6474391421265419,0.0,3.1076411713987046e-05,0.0,0.0,0.0,0.0,0.0,0.0,0.0002797153845502236,4.3278054928643246e-05,4.146271670578964e-06,0.001289643974302552,0.00017591442172437252,8.216806140378952e-06,0.0,0.0002396297214072185,0.0,9.779144953078287e-06,0.0005751974245836262,0.0,0.0013049321703014858,0.0,0.01212803145640472,3.0416973640148392e-05,0.0,Never,35,Never,Never,"HSBO: Never, Survey: 35",PMS2,0,0,0.0,0.002050323779677046,0.002050323779677046,0.0002396297214072185,0.9857424300823499,0.013442742771659284,41.0,0.3371514577985417,0.3371514577985417,0.0,0.04,0.1278,0.1678,na,na,PMS2_hsbo_never_survey35_ec_risk_0_oc_risk_0_05_20_21
0.0,0.03635298127261609,0.0,0.0011281611380252192,0.3359807214802897,0.0,0.60862518037321,0.0,2.92135797890967e-05,0.0,0.0,0.0,0.0,0.0,0.0,0.0002770519247788117,4.4351605499054104e-05,5.440618650685072e-06,0.0015510540086795493,0.00020319496640642046,8.635408100923006e-06,0.0,0.0002750345175934594,0.0,1.2404878896694106e-05,0.0006390238716417153,0.0,0.0017955073207891455,0.0,0.013072043035033497,3.5404796186240935e-05,0.0,Never,35,Never,Never,"HSBO: Never, Survey: 35",PMS2,0,0,0.0,0.0023771679286055977,0.0023771679286055977,0.0002750345175934594,0.9842059863760455,0.014879955234719336,42.0,0.37476823394533665,0.37476823394533665,0.0,0.04,0.1278,0.1678,na,na,PMS2_hsbo_never_survey35_ec_risk_0_oc_risk_0_05_20_21
0.0,0.03417362087728934,0.0,0.0010605279036194628,0.3728740349171667,0.0,0.5720675174080487,0.0,2.745903607964642e-05,0.0,0.0,0.0,0.0,0.0,0.0,0.00026044033893162866,4.1692121508959964e-05,5.114198421637871e-06,0.0018065704464629098,0.00022945095529814234,9.830242163670802e-06,0.0,0.00031562217307463036,0.0,1.5694111606243814e-05,0.0006990239246593903,0.0,0.0023833362945534574,0.0,0.014030065051115518,4.058765548117094e-05,0.0,Never,35,Never,Never,"HSBO: Never, Survey: 35",PMS2,0,0,0.0,0.0026844145874678235,0.0026844145874678235,0.00031562217307463036,0.9825562584449907,0.01642909545727522,43.0,0.41013001601366883,0.41013001601366883,0.0,0.04,0.1278,0.1678,na,na,PMS2_hsbo_never_survey35_ec_risk_0_oc_risk_0_05_20_21
0.0,0.03212094912689435,0.0,0.0009968262643907091,0.4074135835694214,0.0,0.5376325046648945,0.0,2.5806373543369877e-05,0.0,0.0,0.0,0.0,0.0,0.0,0.00024479431565596046,3.9187213534989796e-05,4.806743785784064e-06,0.002042396369706711,0.0002512878529806823,1.0434801430678921e-05,0.0,0.00036059647843216425,0.0,1.9699084917587202e-05,0.0007554200161801602,0.0,0.0030779364232075743,0.0,0.015003770701023425,4.497430535753389e-05,0.0,Never,35,Never,Never,"HSBO: Never, Survey: 35",PMS2,0,0,0.0,0.0029732028604445584,0.0029732028604445584,0.00036059647843216425,0.9807825772962391,0.018101406209148588,44.0,0.4433678891357035,0.4433678891357035,0.0,0.04,0.1278,0.1678,na,na,PMS2_hsbo_never_survey35_ec_risk_0_oc_risk_0_05_20_21
0.0,0.03018746180442179,0.0,0.0009368233380359154,0.439717697540706,0.0,0.5051923187205586,0.0,2.4249462890928446e-05,0.0,0.0,0.0,0.0,0.0,0.0,0.00023005659325818387,3.6827707792799094e-05,4.517123891424544e-06,0.002259622676708509,0.00026916208381411335,1.0640041649576296e-05,0.0,0.0004092898735770382,0.0,2.448818469532131e-05,0.0008084214032804088,0.0,0.0038915978432080183,0.0,0.01599682560151142,4.869339514487395e-05,0.0,Never,35,Never,Never,"HSBO: Never, Survey: 35",PMS2,0,0,0.0,0.0032446042853869657,0.0032446042853869657,0.0004092898735770382,0.9788693770937278,0.01991291162941476,45.0,0.4746051785916162,0.4746051785916162,0.0,0.04,0.1278,0.1678,na,na,PMS2_hsbo_never_survey35_ec_risk_0_oc_risk_0_05_20_21
0.0,0.028365981768103354,0.0,0.0008802963925495723,0.46989935703383207,0.0,0.47463123857227213,0.0,2.2782737122630332e-05,0.0,0.0,0.0,0.0,0.0,0.0,0.0002161726335903218,3.460488962346275e-05,4.244282136134648e-06,0.0024592847219095603,0.0002834910209325456,1.057878728627209e-05,0.0,0.0004611342964565828,0.0,3.011545880200475e-05,0.0008582247418290514,0.0,0.004834223492539687,0.0,0.017008269171014685,5.184442287954459e-05,0.0,Never,35,Never,Never,"HSBO: Never, Survey: 35",PMS2,0,0,0.0,0.0034996260907368846,0.0034996260907368846,0.0004611342964565828,0.976808032839358,0.021872608122356377,46.0,0.5039577870363041,0.5039577870363041,0.0,0.04,0.1278,0.1678,na,na,PMS2_hsbo_never_survey35_ec_risk_0_oc_risk_0_05_20_21
0.0,0.02665001141349598,0.0,0.0008270437843644588,0.4980579968553962,0.0,0.44583491302277983,0.0,2.1400723104672435e-05,0.0,0.0,0.0,0.0,0.0,0.0,0.000203092713140837,3.251077862289763e-05,3.987223702351671e-06,0.002642321232064864,0.00029465070003991973,1.0342984664467384e-05,0.0,0.000515640463130622,0.0,3.667071083701196e-05,0.0009050152795795901,0.0,0.005921861831628491,0.0,0.018042540283447855,5.450616667403922e-05,0.0,Never,35,Never,Never,"HSBO: Never, Survey: 35",PMS2,0,0,0.0,0.003739216806202971,0.003739216806202971,0.000515640463130622,0.9745782714313764,0.024001072825913357,47.0,0.5315348853801002,0.5315348853801002,0.0,0.04,0.1278,0.1678,na,na,PMS2_hsbo_never_survey35_ec_risk_0_oc_risk_0_05_20_21
0.0,0.02503313004919897,0.0,0.0007768662567961451,0.524275870068537,0.0,0.41868894593908573,0.0,2.009794929054239e-05,0.0,0.0,0.0,0.0,0.0,0.0,0.0001907676683409276,3.0537481397570206e-05,3.744962409528215e-06,0.0028095554174773314,0.0003029770977928074,9.995974957623411e-06,0.0,0.0005723817792433613,0.0,4.430653673184783e-05,0.0009489669912095527,0.0,0.00718104381634807,0.0,0.019110812011182993,5.67413161127393e-05,0.0,Never,35,Never,Never,"HSBO: Never, Survey: 35",PMS2,0,0,0.0,0.003964266918350998,0.003964266918350998,0.0005723817792433613,0.9721424888652842,0.02633616236426291,48.0,0.5574390109252936,0.5574390109252936,0.0,0.04,0.1278,0.1678,na,na,PMS2_hsbo_never_survey35_ec_risk_0_oc_risk_0_05_20_21
0.0,0.023508914460720218,0.0,0.0007295644748597823,0.5486264885710405,0.0,0.39308824253053815,0.0,1.8869364339581527e-05,0.0,0.0,0.0,0.0,0.0,0.0,0.00017914864652338822,2.867718740008032e-05,3.516547878191824e-06,0.0029617412762481536,0.0003087748521463998,9.581400095818796e-06,0.0,0.0006309817270966743,0.0,5.3187662763950794e-05,0.0009902425738905964,0.0,0.008640421619839713,0.0,0.020221647104618854,5.859994785331298e-05,0.0,Never,35,Never,Never,"HSBO: Never, Survey: 35",PMS2,0,0,0.0,0.004175609300152658,0.004175609300152658,0.0006309817270966743,0.9694635193117902,0.028915256387222518,49.0,0.581766067225491,0.581766067225491,0.0,0.04,0.1278,0.1678,na,na,PMS2_hsbo_never_survey35_ec_risk_0_oc_risk_0_05_20_21
0.0,0.02207146369350227,0.0,0.0006849553111370425,0.5711847545569236,0.0,0.3689428324292501,0.0,1.771062494536546e-05,0.0,0.0,0.0,0.0,0.0,0.0,0.00016819097972904,2.6922776475130687e-05,3.3011302996160144e-06,0.003099621084379109,0.0003123257496609019,9.129383444387905e-06,0.0,0.0006911050266474218,0.0,6.342805602083733e-05,0.0010289943642420808,0.0,0.01032063456953661,0.0,0.02137463026380653,6.012329955074752e-05,0.0,Never,35,Never,Never,"HSBO: Never, Survey: 35",PMS2,0,0,0.0,0.0043740241866564444,0.0043740241866564444,0.0006911050266474218,0.9665212077197465,0.031758692889363976,50.0,0.6046058471842046,0.6046058471842046,0.0,0.04,0.1278,0.1678,na,na,PMS2_hsbo_never_survey35_ec_risk_0_oc_risk_0_05_20_21
0.0,0.02063044027863877,0.0,0.0006402352755657645,0.5920316526885625,0.0,0.34287244272237105,0.000447381392271106,0.00022045803228771212,0.00010771784702324516,0.0001548444050959149,0.0004106742917761221,0.0,0.0,0.0,0.0019360753074820357,0.0002940686830404267,2.3774947348743685e-05,0.003223954044989861,0.0003138928038454258,8.660670587036992e-06,0.0,0.0007524519473139617,0.0,7.506471992015935e-05,0.0010652160896173666,0.0,0.012230155442537015,0.0,0.02256083840972577,6.134692066653985e-05,0.0,Never,35,Never,Never,"HSBO: Never, Survey: 35",PMS2,0,0,0.0006732365438952821,0.006627943124527651,0.007301179668422933,0.0007524519473139617,0.9633162733908858,0.034866058572182945,51.0,0.6259574644993557,0.6259574644993557,0.0,0.04,0.1278,0.1678,na,na,PMS2_hsbo_never_survey35_ec_risk_0_oc_risk_0_05_20_21
0.0,0.019172643648339018,0.0,0.000594994708000893,0.6111594499078868,0.0,0.31854876189075226,0.00041565197137658557,0.00020482259054409186,0.00017143716301797459,0.00024644092183833847,0.0006536041840060281,0.00010565199744645809,0.0001457235258858702,0.0003196161485003851,0.0019476630688012575,0.000311912569710328,3.835747375729169e-05,0.005089335823841484,0.0005623523089719478,2.2589710901140876e-05,9.98925835781987e-05,0.0008583338708511349,2.352288484370116e-06,9.533140996194295e-05,0.001098878300581784,0.0,0.014373033777417242,0.0,0.023761168155547144,0.00010588192353717322,9.98925835781987e-05,Never,35,Never,Never,"HSBO: Never, Survey: 35",PMS2,0,0,0.0017447188127576233,0.00892587623679653,0.010670595049554152,0.0009582264544293335,0.9597110096135781,0.038231885631410695,52.0,0.6458040056342249,0.6458040056342249,0.0,0.04,0.1278,0.1678,na,na,PMS2_hsbo_never_survey35_ec_risk_0_oc_risk_0_05_20_21
0.0,0.01781251898769905,0.0,0.0005527852459076255,0.6285402910893232,0.0,0.29585873153908077,0.0003860532519749341,0.00019023710364129731,0.00015925734653488656,0.00022893243564389945,0.0006071686336642549,0.0002716949713551185,0.000368951249107536,0.0007571485092096128,0.001809453826127724,0.00028977473028425865,3.563194730505482e-05,0.006938556778865143,0.0008084249984288822,4.2428911697443154e-05,0.00033835831568333665,0.001010975263796632,8.565767402019506e-06,0.00012549028400842834,0.0011301524838905402,0.0,0.0167598309523208,0.0,0.024968585377047606,0.00015264139294549712,0.00023846573210513795,Never,35,Never,Never,"HSBO: Never, Survey: 35",PMS2,0,0,0.0027400772286006645,0.011060736740513567,0.013800813969114232,0.0013493335794799687,0.9556580415558507,0.04186247238077885,53.0,0.6642427935132337,0.6642427935132337,0.0,0.04,0.1278,0.1678,na,na,PMS2_hsbo_never_survey35_ec_risk_0_oc_risk_0_05_20_21
0.0,0.016543744329553536,0.0,0.0005134106963625176,0.6442603983436545,0.0,0.2746945295829585,0.00035844478430057953,0.0001766323615507305,0.00014789590470811582,0.00021260036301791653,0.0005638531366996915,0.00042243095085448673,0.0005623104954054335,0.0010609975514122671,0.0016805278948460339,0.0002691239339331549,3.308955957222975e-05,0.008622955883589955,0.0010151595239153686,5.4318858037218686e-05,0.0006759868603144453,0.0012022318460556112,1.8351370614031598e-05,0.00016607062891541341,0.0011591990265571307,0.0,0.019405027931596264,0.0,0.026180708181575023,0.0001912565822589792,0.00033762854463110863,Never,35,Never,Never,"HSBO: Never, Survey: 35",PMS2,0,0,0.0036644266330263884,0.013043478128864985,0.016707904761891372,0.0018782187063700565,0.9511924241543721,0.04577015811270073,54.0,0.6813683696313614,0.6813683696313614,0.0,0.04,0.1278,0.1678,na,na,PMS2_hsbo_never_survey35_ec_risk_0_oc_risk_0_05_20_21
0.0,0.015360290509280283,0.0,0.0004766839531370455,0.6583951911012303,0.0,0.2549538204875406,0.0003326932240719196,0.00016394265564336315,0.00013729851171642704,0.00019736661059236387,0.0005234505759188781,0.0005588613804372506,0.0007285490951497984,0.0012630721989049048,0.0015602718672286103,0.00024986185188971446,3.071814627407666e-05,0.01015279307879179,0.0011867487467450196,6.079453697915393e-05,0.001082467767271532,0.0014254785362190511,3.1476191262902266e-05,0.00021766323012997082,0.0011861677299389894,0.0,0.02232739019993636,0.0,0.027396947813709632,0.00022324669016343993,0.00040648090695708677,Never,35,Never,Never,"HSBO: Never, Survey: 35",PMS2,0,0,0.004522542331254056,0.014884329994257385,0.019406872325511443,0.002507946303490583,0.9463324085315316,0.04997347743503887,55.0,0.697269039540386,0.697269039540386,0.0,0.04,0.1278,0.1678,na,na,PMS2_hsbo_never_survey35_ec_risk_0_oc_risk_0_05_20_21
0.0,0.014256435157573194,0.0,0.00044242743094266974,0.6710133812052468,0.0,0.23654141788026686,0.00030867437878133046,0.0001521067870487715,0.00012741400562718918,0.00018315763308908445,0.0004857658964536587,0.0006819176158524055,0.0008701908471352774,0.0013881132343190148,0.001448104447135946,0.00023189539264643896,2.8506260541612496e-05,0.011537600676014533,0.0013269974293211968,6.361665982170637e-05,0.0015345717940530939,0.0016752385663699459,4.774883989426575e-05,0.0002808766627300053,0.0012111983483908345,0.0,0.02554617455833718,0.0,0.02861646829240691,0.0002497600301508947,0.0004521040267815618,Never,35,Never,Never,"HSBO: Never, Survey: 35",PMS2,0,0,0.005318879866423988,0.016592836094581384,0.02191171596100537,0.00320981036042304,0.9410877229378177,0.05449126835336836,56.0,0.712027189269548,0.712027189269548,0.0,0.04,0.1278,0.1678,na,na,PMS2_hsbo_never_survey35_ec_risk_0_oc_risk_0_05_20_21
0.0,0.013226855669947678,0.0,0.000410475950602267,0.6821842542994437,0.0,0.21937113532273156,0.00028627559628135904,0.0001410692436889176,0.00011819526419796358,0.00016990569228457264,0.0004506194447547361,0.0007924737773431313,0.0009895634774714575,0.0014552931821443125,0.001343485994400177,0.00021513824047632242,2.6443369881639783e-05,0.012786358728856605,0.0014393711884486504,6.400669933508162e-05,0.00201457599231973,0.0019469168863581413,6.697343714535801e-05,0.0003561825915829073,0.0012344212911484574,0.0,0.02907416405265606,0.0,0.02983584460649908,0.00027167831998819547,0.0004800041982666362,Never,35,Never,Never,"HSBO: Never, Survey: 35",PMS2,0,0,0.006057600267661262,0.018177903699339523,0.024235503967000784,0.003961492878677871,0.9354709211422902,0.059333164687883404,57.0,0.7257196953131959,0.7257196953131959,0.0,0.04,0.1278,0.1678,na,na,PMS2_hsbo_never_survey35_ec_risk_0_oc_risk_0_05_20_21
0.0,0.012266732697675236,0.0,0.0003806799507385924,0.6919799549441294,0.0,0.2033648910196959,0.00026539482171924794,0.00013077973555976238,0.00010959957924803478,0.00015754939516905,0.00041784839588313255,0.0008913579941902081,0.0010888221200712294,0.0014794544327865356,0.0012459277991585037,0.00019951221664840638,2.4519927460287755e-05,0.013907621570565168,0.0015270346935887995,6.281039868418242e-05,0.0025090405067902492,0.0022366096508121256,8.892521382303909e-05,0.00044382738568924827,0.0012559585059158656,0.0,0.032915795028520344,0.0,0.031049352015477358,0.0002896927644539843,0.0004944645144705192,Never,35,Never,Never,"HSBO: Never, Survey: 35",PMS2,0,0,0.006742597637961479,0.019647863642606726,0.026390461280568205,0.004745650157602374,0.9295004916929718,0.06449789964350999,58.0,0.7384184411762409,0.7384184411762409,0.0,0.04,0.1278,0.1678,na,na,PMS2_hsbo_never_survey35_ec_risk_0_oc_risk_0_05_20_21
0.0,0.011371700085156866,0.0,0.0003529039341545268,0.7004700661237473,0.0,0.1884495945592028,0.00024593673170255606,0.00012119128974760935,0.00010158776763231688,0.0001460324159714555,0.00038730336409820805,0.000979352564080886,0.0011699570863825713,0.001472052045414607,0.001154986003872223,0.00018494620669663514,2.272716319604623e-05,0.014909482995357904,0.0015928675527991038,6.0610886381029885e-05,0.003007857399948021,0.0025409670054034137,0.0001133785421353934,0.0005439352026652698,0.001275924274555382,0.0,0.03707309649731636,0.0,0.03225154230238151,0.0003043573545912881,0.0004988168931577717,Never,35,Never,Never,"HSBO: Never, Survey: 35",PMS2,0,0,0.007377521185663459,0.021010523016371623,0.02838804420203508,0.005548824405351435,0.9231932987755946,0.06998195254449854,59.0,0.7501907869807759,0.7501907869807759,0.0,0.04,0.1278,0.1678,na,na,PMS2_hsbo_never_survey35_ec_risk_0_oc_risk_0_05_20_21
0.0,0.010537670783543037,0.0,0.00032702106531912233,0.7077135412785186,0.0,0.17455448564800022,0.00022780924189992166,0.00011225852946467247,9.412269409925526e-05,0.00013530137276767943,0.00035884277125341064,0.0010571852186358063,0.0012347909608236493,0.0014418810800041178,0.0010702440974007903,0.0001713733747925002,2.105675506324154e-05,0.015799433882598222,0.0016394681198213807,5.7807411524764316e-05,0.0035035048373118867,0.002857090393636146,0.00014015908888799904,0.0006567232087911119,0.0012944257031270194,0.0,0.04155422536185646,0.0,0.03343957712085898,0.00031612338823273217,0.0004956474373638657,Never,35,Never,Never,"HSBO: Never, Survey: 35",PMS2,0,0,0.007965788023783803,0.022273197243628157,0.03023898526741196,0.0063605952309480325,0.9165542942855304,0.07579068478039455,60.0,0.7610998631270451,0.7610998631270451,0.0,0.04,0.1278,0.1678,na,na,PMS2_hsbo_never_survey35_ec_risk_0_oc_risk_0_05_20_21
0.0,0.009780908967775242,0.0,0.0003035360789052642,0.7137515431354642,0.0,0.16226262842067635,4.78960075475071e-05,8.028374772629473e-05,4.777742370432593e-05,6.868004657496852e-05,0.0001821514278727426,0.0011255170718553402,0.001284973276350594,0.001395648545334279,0.0007842309928282528,0.00012742800762656693,1.70928325546528e-05,0.016584188736673285,0.001669156100056036,5.467058674466596e-05,0.003990458333792121,0.0031824518314451104,0.0001691907964514702,0.0007827299887090583,0.0013115984533818093,0.0,0.04638091535377306,0.0,0.034614343836176856,0.00032536143780896457,0.00048695349648023457,Never,35,Never,Never,"HSBO: Never, Survey: 35",PMS2,0,0,0.00826439692193584,0.023201949076637626,0.03146634599857347,0.007172910165237231,0.9095683114062705,0.08194717997511045,61.0,0.7712249659103944,0.7712249659103944,0.0,0.04,0.1278,0.1678,na,na,PMS2_hsbo_never_survey35_ec_risk_0_oc_risk_0_05_20_21
0.0,0.009092152467826067,0.0,0.0002821615371317056,0.7186294359191505,0.0,0.15075916488032204,4.450190830488842e-05,7.45945259872567e-05,1.836607778047043e-05,2.640123680942624e-05,7.00206715380435e-05,0.0011464526375659255,0.0012689112250897517,0.0012221206673332622,0.0007115258965093076,0.00011390493699667396,1.3973481824326041e-05,0.017066222802875924,0.0016551590776381427,4.97140140812742e-05,0.00442819614462979,0.003509753126457343,0.00019871624731711255,0.0009211000555849438,0.0013275619250921451,0.0,0.05158746761676723,0.0,0.035782420919386465,0.0003273012950122324,0.0004377378108376684,Never,35,Never,Never,"HSBO: Never, Survey: 35",PMS2,0,0,0.008379184908063782,0.024041353391967935,0.03242053830003172,0.007937949271087132,0.9022447839647649,0.08848970483905574,62.0,0.7806366179288359,0.7806366179288359,0.0,0.04,0.1278,0.1678,na,na,PMS2_hsbo_never_survey35_ec_risk_0_oc_risk_0_05_20_21
0.0,0.008447572471587993,0.0,0.0002621579479721003,0.7223784649484447,0.0,0.1399907831953282,4.1324746163455885e-05,6.926893630015595e-05,1.7060458501014502e-05,2.4524409095208346e-05,6.504299803511778e-05,0.0011375487474708564,0.0012135309516372243,0.0010001673055415488,0.0006610555834182194,0.00010582263724324163,1.2979850093496294e-05,0.0174589364508453,0.0016288606544090079,4.408541967762204e-05,0.004800227846365005,0.0038368404763289656,0.0002277100570491477,0.0010726303907070392,0.0013423936807900837,0.0,0.057212752592430846,0.0,0.03694825724456449,0.00032708734987162277,0.00037203170173521517,Never,35,Never,Never,"HSBO: Never, Survey: 35",PMS2,0,0,0.008485812773695122,0.024821211462722894,0.033307024236418015,0.00863706832269397,0.8945591877117645,0.09546135028475153,63.0,0.7893811836932536,0.7893811836932536,0.0,0.04,0.1278,0.1678,na,na,PMS2_hsbo_never_survey35_ec_risk_0_oc_risk_0_05_20_21
0.0,0.007844181727430457,0.0,0.00024343260647953271,0.7249996928769801,0.0,0.12990749007765492,3.834977246932725e-05,6.428225682974533e-05,1.5838134544043122e-05,2.276731840706199e-05,6.03828879491644e-05,0.0011268843362665629,0.0011591447928300403,0.0008238737275678354,0.0006138093375343368,9.82565352377572e-05,1.2049599242046786e-05,0.017784152146070452,0.0015961621569569539,3.94671212976733e-05,0.005119402678061837,0.0041629746720098955,0.0002565072389688476,0.0012384553663879196,0.0013561660381652685,0.0,0.06330125508345559,0.0,0.03811502151120274,0.00032613419568092985,0.00031917483169683226,Never,35,Never,Never,"HSBO: Never, Survey: 35",PMS2,0,0,0.008584801114595393,0.025545326934737034,0.03413012804933243,0.009282377350071733,0.8864502174117479,0.1029112392000151,64.0,0.7975012957260315,0.7975012957260315,0.0,0.04,0.1278,0.1678,na,na,PMS2_hsbo_never_survey35_ec_risk_0_oc_risk_0_05_20_21
0.0,0.007279178933527825,0.0,0.00022589857838492986,0.7264931868825281,0.0,0.12046389482309965,3.5563568719351694e-05,5.961199535220519e-05,1.4693498583386494e-05,2.1121904213618087e-05,5.6018963349161013e-05,0.0011145208335525542,0.0011057916389718622,0.0006833275376359816,0.0005695683291625585,9.117163882477625e-05,1.1178467004992596e-05,0.018044698208643715,0.0015579826634086278,3.559530708557382e-05,0.0053957898891440524,0.004487401036628626,0.0002853712152909421,0.0014196497189704908,0.0013689463965447653,0.0,0.06989537541181753,0.0,0.03928446255955479,0.00032442636461873023,0.0002763872110822154,Never,35,Never,Never,"HSBO: Never, Survey: 35",PMS2,0,0,0.008676635480741558,0.026217245369729362,0.03489388085047092,0.009883190925772677,0.8778630037720487,0.11088485890563377,65.0,0.8050366876244182,0.8050366876244182,0.0,0.04,0.1278,0.1678,na,na,PMS2_hsbo_never_survey35_ec_risk_0_oc_risk_0_05_20_21
0.0,0.006750020687204766,0.0,0.00020947693293883984,0.7268608652714693,0.0,0.11161904630774,3.295402385040876e-05,5.523785118724825e-05,1.3621467464112855e-05,1.958085947966223e-05,5.193184470693026e-05,0.0011005228695872276,0.0010535137068607122,0.0005708062742279692,0.0005281339356613098,8.453619316879557e-05,1.0362590171675835e-05,0.01824328014197121,0.0015151607669934514,3.228408589589372e-05,0.005637293421939502,0.0048093743234705125,0.00031449920812614716,0.0016171460513982933,0.001380797689697369,0.0,0.07703277453478904,0.0,0.04045677895999964,0.00032197328684188675,0.0002415035327954498,Never,35,Never,Never,"HSBO: Never, Survey: 35",PMS2,0,0,0.008761769652392264,0.026840278088731143,0.03560204774112341,0.010446667745410015,0.8687513358105795,0.11942119875431312,66.0,0.8120244581831605,0.8120244581831605,0.0,0.04,0.1278,0.1678,na,na,PMS2_hsbo_never_survey35_ec_risk_0_oc_risk_0_05_20_21
0.0,0.0062544123512669044,0.0,0.00019409645946147968,0.7260939682907271,0.0,0.10333382825374288,3.050961132337569e-05,5.11405034393245e-05,1.2617351821985647e-05,1.813744324410437e-05,4.810365382132028e-05,0.0010849388918817517,0.001002336307841746,0.0004802784452488287,0.0004893261706552892,7.832134353146079e-05,9.598396738903373e-06,0.01838218470868887,0.0014684340703607895,2.9401159293953362e-05,0.005850130551225713,0.0051281756440199775,0.0003440854561942241,0.0018320825063675497,0.0013917788226015442,0.0,0.08475916913567484,0.0,0.041632944470826105,0.0003188013205494651,0.00021283712928621065,Never,35,Never,Never,"HSBO: Never, Survey: 35",PMS2,0,0,0.008840628101279674,0.0274175239996568,0.036258152100936476,0.010978306195245691,0.85906163341309,0.12856828156906272,67.0,0.8184993286002704,0.8184993286002704,0.0,0.04,0.1278,0.1678,na,na,PMS2_hsbo_never_survey35_ec_risk_0_oc_risk_0_05_20_21
0.0,0.005790162101475388,0.0,0.0001796891379214491,0.724162923705892,0.0,0.09556963809271986,2.8218978553710993e-05,4.730092279722323e-05,1.1676620456720437e-05,1.678514190653563e-05,4.4517115491246674e-05,0.0010677868516959566,0.0009522565997102119,0.00040702679920814097,0.0004529727149228743,7.24994246332287e-05,8.882431213126035e-06,0.018463032906464383,0.0014184290871594616,2.685129889600775e-05,0.006039200086529479,0.0054431175367196,0.0003743577641358856,0.002066093170417341,0.0014019448519584255,0.0,0.09313872253123838,0.0,0.042815914127883443,0.00031494189269962256,0.00018906953530376577,Never,35,Never,Never,"HSBO: Never, Survey: 35",PMS2,0,0,0.008913606979134176,0.027951878570426022,0.0368654855495602,0.01148231762324908,0.8487206499311175,0.13839508759367505,68.0,0.8244937531905642,0.8244937531905642,0.0,0.04,0.1278,0.1678,na,na,PMS2_hsbo_never_survey35_ec_risk_0_oc_risk_0_05_20_21
0.0,0.005355106898559539,0.0,0.00016618784158636544,0.7210221781795215,0.0,0.08828960216567658,2.607125985602926e-05,4.3700896094774194e-05,1.0794862975016217e-05,1.551761552658581e-05,4.1155415092249325e-05,0.0010490632540055098,0.0009032559091526055,0.00034736714582571344,0.00041890398108916286,6.704325653551917e-05,8.211334856591902e-06,0.018486910820261555,0.0013656847807443876,2.45656416454599e-05,0.006208367292989428,0.005753540547759157,0.0004055533771609195,0.0023211767800154623,0.0014113470367307865,0.0,0.10224931929700569,0.0,0.04400937440933346,0.00031042301103955706,0.0001691672064599494,Never,35,Never,Never,"HSBO: Never, Survey: 35",PMS2,0,0,0.008981074872728027,0.028446037142907298,0.037427112015635325,0.011961907840748586,0.837641321259005,0.14898542386351554,69.0,0.8300379514118175,0.8300379514118175,0.0,0.04,0.1278,0.1678,na,na,PMS2_hsbo_never_survey35_ec_risk_0_oc_risk_0_05_20_21
0.0,0.004947180580194203,0.0,0.00015352845015691646,0.7165912804276139,0.0,0.08145649072014749,2.405552119850271e-05,4.032209560284416e-05,9.967768136725533e-06,1.4328666696542956e-05,3.80021160212661e-05,0.0010287170046238382,0.0008552793726748427,0.00029841160071216236,0.00038695722480178705,6.192668079977555e-05,7.58181691052564e-06,0.018453886076953866,0.0013106254418002118,2.249299301486677e-05,0.0063606882392893555,0.006058809512295201,0.00043797865542782855,0.0026002231188431498,0.0014200330082339387,0.0,0.11220151178905928,0.0,0.04521972111879111,0.00030526896453604395,0.00015232094629992737,Never,35,Never,Never,"HSBO: Never, Survey: 35",PMS2,0,0,0.009043373423582562,0.028902502865419382,0.037945876289001944,0.012419497751584557,0.8257010345580601,0.16045943468212137,70.0,0.8351600058051012,0.8351600058051012,0.0,0.04,0.1278,0.1678,na,na,PMS2_hsbo_never_survey35_ec_risk_0_oc_risk_0_05_20_21
0.0,0.004568820311120675,0.0,0.0001417865974450164,0.7107662944295609,0.0,0.07526352100068075,2.2161335741018544e-05,1.644311970464872e-05,9.191093566747316e-06,1.3212197002199267e-05,3.504104422322414e-05,0.0010066690380613537,0.0008082584865279864,0.00025790371234010447,0.0001741694513704225,2.9491020170795982e-05,4.865071589129368e-06,0.018363318015071416,0.0012536001024757862,2.0595310474858864e-05,0.006498580919084796,0.006358300422677392,0.0004719612675683215,0.00290668901471993,0.0014280546768150883,0.0,0.12312720681746342,0.0,0.046453865544544184,0.000299490910382191,0.00013789267979544013,Never,35,Never,Never,"HSBO: Never, Survey: 35",PMS2,0,0,0.009100817758374732,0.029111028408549733,0.03821184616692447,0.012856881341762189,0.8127553413371269,0.17295972264429588,71.0,0.8398903762349601,0.8398903762349601,0.0,0.04,0.1278,0.1678,na,na,PMS2_hsbo_never_survey35_ec_risk_0_oc_risk_0_05_20_21
0.0,0.00422146228488721,0.0,0.0001310068535984524,0.7034883703793049,0.0,0.06941974750241625,2.044283550115236e-05,1.5168038387944273e-05,8.476291200048688e-06,1.218466860006999e-05,3.231586020018562e-05,0.000982905282787535,0.0007621888313979403,0.0002241055584313226,0.0001459445544139718,2.3349154175571455e-05,2.853201011370572e-06,0.01803767568239692,0.0011698174680778361,1.7394168465157666e-05,0.006623961920709845,0.006646911845889258,0.0005076561650480889,0.00323922924372056,0.0014354664744064191,0.0,0.13511573777628505,0.0,0.047715627958687036,0.000288611423211866,0.00012538100162504985,Never,35,Never,Never,"HSBO: Never, Survey: 35",PMS2,0,0,0.009153794578375035,0.029283175318150646,0.03843696989652568,0.013270873766599103,0.7987154086152537,0.18657825114374071,72.0,0.8442610369148835,0.8442610369148835,0.0,0.04,0.1278,0.1678,na,na,PMS2_hsbo_never_survey35_ec_risk_0_oc_risk_0_05_20_21
0.0,0.003893690356383841,0.0,0.00012083493539729983,0.6947599408035017,0.0,0.06391008688432183,1.88225075693437e-05,1.3965798303913525e-05,7.812863492701027e-06,1.1230991270757727e-05,2.9786542065922665e-05,0.0009575116760647805,0.0007171554202957644,0.00019572278284226666,0.00013459489228310293,2.1531564779003524e-05,2.6297029124429482e-06,0.01766200093697684,0.0010857746494406454,1.3797806444274671e-05,0.006738378712540572,0.00692391548902489,0.000545025986631653,0.0035976864362639947,0.0014423027891374899,0.0,0.14819663649057385,0.0,0.04899916298148116,0.00027700364313563205,0.00011441679183072685,Never,35,Never,Never,"HSBO: Never, Survey: 35",PMS2,0,0,0.009202624975204418,0.029441931478125197,0.038644556453329613,0.013662294201565462,0.7835568911143465,0.20133851189495067,73.0,0.8482925704395969,0.8482925704395969,0.0,0.04,0.1278,0.1678,na,na,PMS2_hsbo_never_survey35_ec_risk_0_oc_risk_0_05_20_21
0.0,0.003584658514761608,0.0,0.00011124458814307921,0.6845523093868455,0.0,0.05871806737718715,1.72955476490749e-05,1.2832834792751686e-05,7.187476660001296e-06,1.0331997698751861e-05,2.740225476625494e-05,0.0009305368101757077,0.0006732020276190108,0.00017170564709197166,0.00012389450982981776,1.9817991416316437e-05,2.419023920438101e-06,0.01725274577208516,0.0010055681956427425,1.1163949419880584e-05,0.006843092613407992,0.007189681657324541,0.0005840878769097362,0.003982771903652872,0.0014485965237612884,0.0,0.16241879319901112,0.0,0.0503005923202272,0.00026576616829965087,0.00010471390086741993,Never,35,Never,Never,"HSBO: Never, Survey: 35",PMS2,0,0,0.009247546704329427,0.029588063003291767,0.03883560970762119,0.014032774270732533,0.7672323839057053,0.21728624529980095,74.0,0.8520043576243795,0.8520043576243795,0.0,0.04,0.1278,0.1678,na,na,PMS2_hsbo_never_survey35_ec_risk_0_oc_risk_0_05_20_21
0.0,0.003293442873500691,0.0,0.00010220714038076485,0.6728507234799296,0.0,0.05382934988469394,1.5857717685709717e-05,1.1766003331018787e-05,6.598323080049656e-06,9.485089427571381e-06,2.5156106742689314e-05,0.0009020379318313747,0.0006303677156060966,0.00015120127140386542,0.00011381162705665928,1.8203365828302708e-05,2.220557203781209e-06,0.016810540301264082,0.0009291046314372443,9.203410916566471e-06,0.006939126675638484,0.007444448741577547,0.0006248131098496059,0.004394765918096328,0.0014543789589246646,0.0,0.17781628220883178,0.0,0.05161490695576162,0.000254767084253006,9.603406223049164e-05,Never,35,Never,Never,"HSBO: Never, Survey: 35",PMS2,0,0,0.009288786223579737,0.02972229855338051,0.03901108477696025,0.014383575417216032,0.7497112774313199,0.23445076819253935,75.0,0.8554148275211867,0.8554148275211867,0.0,0.04,0.1278,0.1678,na,na,PMS2_hsbo_never_survey35_ec_risk_0_oc_risk_0_05_20_21
